"分类","命令ID","名称","级别","类型","建议","理由","下一步","筛选方式"
"linux-basic","lb-tac","tac","2","command","不建议做","与现有命令或课程高度相邻，单独补课容易重复","保留手册，必要时补到现有讲义而非新增整课","默认暂缓，需按真实需求复核"
"linux-basic","lb-more","more","1","command","不建议做","与现有命令或课程高度相邻，单独补课容易重复","保留手册，必要时补到现有讲义而非新增整课","默认暂缓，需按真实需求复核"
"linux-basic","lb-rename","rename","2","command","不建议做","与现有命令或课程高度相邻，单独补课容易重复","保留手册，必要时补到现有讲义而非新增整课","默认暂缓，需按真实需求复核"
"linux-basic","lb-locate","locate","2","command","不建议做","与现有命令或课程高度相邻，单独补课容易重复","保留手册，必要时补到现有讲义而非新增整课","默认暂缓，需按真实需求复核"
"linux-basic","lb-xz","xz","3","command","不建议做","低频或强依赖具体平台/版本，当前没有独立课程的足够收益","保留手册，遇到实际案例再补定向练习","默认暂缓，需按真实需求复核"
"linux-basic","lb-zstd","zstd","3","command","不建议做","低频或强依赖具体平台/版本，当前没有独立课程的足够收益","保留手册，遇到实际案例再补定向练习","默认暂缓，需按真实需求复核"
"linux-basic","lb-wget","wget","2","command","不建议做","与现有命令或课程高度相邻，单独补课容易重复","保留手册，必要时补到现有讲义而非新增整课","默认暂缓，需按真实需求复核"
"linux-basic","lb-dd","dd","3","command","负提升","可能中断系统或毁坏数据；把模拟回显做成“通过”会训练错误操作习惯","保留风险说明；只能在可恢复隔离环境按检查表练","显式 ID 标注"
"linux-text","lt-fgrep","fgrep","2","command","不建议做","与现有命令或课程高度相邻，单独补课容易重复","保留手册，必要时补到现有讲义而非新增整课","默认暂缓，需按真实需求复核"
"linux-text","lt-grep-pcre","grep -P","3","command","不建议做","低频或强依赖具体平台/版本，当前没有独立课程的足够收益","保留手册，遇到实际案例再补定向练习","默认暂缓，需按真实需求复核"
"linux-text","lt-zgrep","zgrep","2","command","不建议做","与现有命令或课程高度相邻，单独补课容易重复","保留手册，必要时补到现有讲义而非新增整课","默认暂缓，需按真实需求复核"
"linux-text","lt-sed-e","sed -e","2","command","不建议做","与现有命令或课程高度相邻，单独补课容易重复","保留手册，必要时补到现有讲义而非新增整课","默认暂缓，需按真实需求复核"
"linux-text","lt-awk-func","awk 内置函数","3","recipe","不建议做","是概念、模板或组合配方，单独做一个模拟命令课容易碎片化","保留速查；在相关场景课中按需引用","默认暂缓，需按真实需求复核"
"linux-user","lu-userdel","userdel","2","command","负提升","直接模拟副作用或自动判通过会掩盖权限、范围和真实状态","只在隔离环境或人工审查中演练，保留回滚证据","显式 ID 标注"
"linux-user","lu-groupmod","groupmod","2","command","不建议做","与现有命令或课程高度相邻，单独补课容易重复","保留手册，必要时补到现有讲义而非新增整课","默认暂缓，需按真实需求复核"
"linux-user","lu-groupdel","groupdel","2","command","负提升","直接模拟副作用或自动判通过会掩盖权限、范围和真实状态","只在隔离环境或人工审查中演练，保留回滚证据","显式 ID 标注"
"linux-user","lu-lsattr","lsattr","3","command","不建议做","低频或强依赖具体平台/版本，当前没有独立课程的足够收益","保留手册，遇到实际案例再补定向练习","默认暂缓，需按真实需求复核"
"linux-user","lu-chattr","chattr","3","command","负提升","直接模拟副作用或自动判通过会掩盖权限、范围和真实状态","只在隔离环境或人工审查中演练，保留回滚证据","显式 ID 标注"
"linux-user","lu-service","service","1","command","不建议做","与现有命令或课程高度相邻，单独补课容易重复","保留手册，必要时补到现有讲义而非新增整课","默认暂缓，需按真实需求复核"
"linux-user","lu-at","at","2","command","不建议做","与现有命令或课程高度相邻，单独补课容易重复","保留手册，必要时补到现有讲义而非新增整课","默认暂缓，需按真实需求复核"
"linux-user","lu-shutdown","shutdown","2","command","负提升","可能中断系统或毁坏数据；把模拟回显做成“通过”会训练错误操作习惯","保留风险说明；只能在可恢复隔离环境按检查表练","显式 ID 标注"
"linux-user","lu-reboot","reboot","1","command","负提升","可能中断系统或毁坏数据；把模拟回显做成“通过”会训练错误操作习惯","保留风险说明；只能在可恢复隔离环境按检查表练","显式 ID 标注"
"linux-user","lu-halt","halt","2","command","负提升","可能中断系统或毁坏数据；把模拟回显做成“通过”会训练错误操作习惯","保留风险说明；只能在可恢复隔离环境按检查表练","显式 ID 标注"
"linux-user","lu-poweroff","poweroff","1","command","负提升","可能中断系统或毁坏数据；把模拟回显做成“通过”会训练错误操作习惯","保留风险说明；只能在可恢复隔离环境按检查表练","显式 ID 标注"
"linux-user","lu-runlevel","runlevel","2","command","不建议做","与现有命令或课程高度相邻，单独补课容易重复","保留手册，必要时补到现有讲义而非新增整课","默认暂缓，需按真实需求复核"
"linux-user","lu-update-alternatives","update-alternatives","3","command","不建议做","低频或强依赖具体平台/版本，当前没有独立课程的足够收益","保留手册，遇到实际案例再补定向练习","默认暂缓，需按真实需求复核"
"linux-net","ln-wget","wget","2","command","不建议做","与现有命令或课程高度相邻，单独补课容易重复","保留手册，必要时补到现有讲义而非新增整课","默认暂缓，需按真实需求复核"
"linux-net","ln-httpie","httpie","3","command","不建议做","低频或强依赖具体平台/版本，当前没有独立课程的足够收益","保留手册，遇到实际案例再补定向练习","默认暂缓，需按真实需求复核"
"linux-net","ln-tshark","tshark","4","command","不建议做","低频或强依赖具体平台/版本，当前没有独立课程的足够收益","保留手册，遇到实际案例再补定向练习","默认暂缓，需按真实需求复核"
"linux-net","ln-iftop","iftop","3","command","不建议做","低频或强依赖具体平台/版本，当前没有独立课程的足够收益","保留手册，遇到实际案例再补定向练习","默认暂缓，需按真实需求复核"
"linux-net","ln-nethogs","nethogs","3","command","不建议做","低频或强依赖具体平台/版本，当前没有独立课程的足够收益","保留手册，遇到实际案例再补定向练习","默认暂缓，需按真实需求复核"
"linux-net","ln-iptables-save","iptables-save / iptables-restore","3","command","负提升","直接模拟副作用或自动判通过会掩盖权限、范围和真实状态","只在隔离环境或人工审查中演练，保留回滚证据","显式 ID 标注"
"linux-net","ln-ipset","ipset","4","command","负提升","直接模拟副作用或自动判通过会掩盖权限、范围和真实状态","只在隔离环境或人工审查中演练，保留回滚证据","显式 ID 标注"
"linux-storage","ls9-autofs","autofs","3","command","不建议做","低频或强依赖具体平台/版本，当前没有独立课程的足够收益","保留手册，遇到实际案例再补定向练习","默认暂缓，需按真实需求复核"
"linux-storage","ls9-lvreduce","lvreduce","4","command","负提升","可能中断系统或毁坏数据；把模拟回显做成“通过”会训练错误操作习惯","保留风险说明；只能在可恢复隔离环境按检查表练","显式 ID 标注"
"linux-storage","ls9-lvremove","lvremove","3","command","负提升","可能中断系统或毁坏数据；把模拟回显做成“通过”会训练错误操作习惯","保留风险说明；只能在可恢复隔离环境按检查表练","显式 ID 标注"
"linux-storage","ls9-dd","dd（磁盘测速）","3","recipe","负提升","可能中断系统或毁坏数据；把模拟回显做成“通过”会训练错误操作习惯","保留风险说明；只能在可恢复隔离环境按检查表练","显式 ID 标注"
"linux-storage","ls9-mdadm","mdadm","4","command","负提升","可能中断系统或毁坏数据；把模拟回显做成“通过”会训练错误操作习惯","保留风险说明；只能在可恢复隔离环境按检查表练","显式 ID 标注"
"linux-storage","ls9-hdparm","hdparm","4","command","负提升","可能中断系统或毁坏数据；把模拟回显做成“通过”会训练错误操作习惯","保留风险说明；只能在可恢复隔离环境按检查表练","显式 ID 标注"
"linux-storage","ls9-sync","sync","2","command","不建议做","与现有命令或课程高度相邻，单独补课容易重复","保留手册，必要时补到现有讲义而非新增整课","默认暂缓，需按真实需求复核"
"linux-storage","ls9-blkdiscard","blkdiscard","4","command","负提升","可能中断系统或毁坏数据；把模拟回显做成“通过”会训练错误操作习惯","保留风险说明；只能在可恢复隔离环境按检查表练","显式 ID 标注"
"shell","sh-devnull-devtcp","/dev/null 与 /dev/tcp","3","recipe","不建议做","是概念、模板或组合配方，单独做一个模拟命令课容易碎片化","保留速查；在相关场景课中按需引用","默认暂缓，需按真实需求复核"
"shell","sh-template-batch-ssh","批量多主机操作模板","4","recipe","负提升","直接模拟副作用或自动判通过会掩盖权限、范围和真实状态","只在隔离环境或人工审查中演练，保留回滚证据","显式 ID 标注"
"docker","dk-commit","docker commit","3","command","负提升","把临时容器改动固化成推荐构建流程，会弱化 Dockerfile 可复现性","用反例卡辨析 Dockerfile 与 commit","显式 ID 标注"
"docker","dk-pause","docker pause / docker unpause","3","command","不建议做","低频或强依赖具体平台/版本，当前没有独立课程的足够收益","保留手册，遇到实际案例再补定向练习","默认暂缓，需按真实需求复核"
"docker","dk-wait","docker wait","3","command","不建议做","低频或强依赖具体平台/版本，当前没有独立课程的足够收益","保留手册，遇到实际案例再补定向练习","默认暂缓，需按真实需求复核"
"docker","dk-rename","docker rename","2","command","不建议做","与现有命令或课程高度相邻，单独补课容易重复","保留手册，必要时补到现有讲义而非新增整课","默认暂缓，需按真实需求复核"
"docker","dk-network-rm","docker network rm / prune","2","command","负提升","直接模拟副作用或自动判通过会掩盖权限、范围和真实状态","只在隔离环境或人工审查中演练，保留回滚证据","显式 ID 标注"
"kubernetes","k8s-auth-reconcile","kubectl auth reconcile","3","command","负提升","直接模拟副作用或自动判通过会掩盖权限、范围和真实状态","只在隔离环境或人工审查中演练，保留回滚证据","显式 ID 标注"
"kubernetes","k8s-sa-token","ServiceAccount 令牌与身份安全","3","recipe","负提升","直接模拟副作用或自动判通过会掩盖权限、范围和真实状态","只在隔离环境或人工审查中演练，保留回滚证据","显式 ID 标注"
"kubernetes","k8s-kubeadm-init","kubeadm init","4","command","负提升","可能中断系统或毁坏数据；把模拟回显做成“通过”会训练错误操作习惯","保留风险说明；只能在可恢复隔离环境按检查表练","显式 ID 标注"
"kubernetes","k8s-kubeadm-join","kubeadm join","4","command","负提升","可能中断系统或毁坏数据；把模拟回显做成“通过”会训练错误操作习惯","保留风险说明；只能在可恢复隔离环境按检查表练","显式 ID 标注"
"kubernetes","k8s-kubeadm-token","kubeadm token create --print-join-command","3","command","负提升","可能中断系统或毁坏数据；把模拟回显做成“通过”会训练错误操作习惯","保留风险说明；只能在可恢复隔离环境按检查表练","显式 ID 标注"
"kubernetes","k8s-kubeadm-upgrade","kubeadm upgrade plan","4","command","负提升","可能中断系统或毁坏数据；把模拟回显做成“通过”会训练错误操作习惯","保留风险说明；只能在可恢复隔离环境按检查表练","显式 ID 标注"
"kubernetes","k8s-kubeadm-reset","kubeadm reset","4","command","负提升","可能中断系统或毁坏数据；把模拟回显做成“通过”会训练错误操作习惯","保留风险说明；只能在可恢复隔离环境按检查表练","显式 ID 标注"
"kubernetes","k8s-etcdctl-snapshot-restore","etcdctl snapshot restore","4","command","负提升","可能中断系统或毁坏数据；把模拟回显做成“通过”会训练错误操作习惯","保留风险说明；只能在可恢复隔离环境按检查表练","显式 ID 标注"
"helm","hl-functions","Helm 模板函数速查","3","recipe","不建议做","是概念、模板或组合配方，单独做一个模拟命令课容易碎片化","保留速查；在相关场景课中按需引用","默认暂缓，需按真实需求复核"
"db-cache","db-mysql-change-replication-source","CHANGE REPLICATION SOURCE TO","3","command","负提升","直接模拟副作用或自动判通过会掩盖权限、范围和真实状态","只在隔离环境或人工审查中演练，保留回滚证据","显式 ID 标注"
"db-cache","db-kafka-console-producer","kafka-console-producer.sh","2","command","负提升","直接模拟副作用或自动判通过会掩盖权限、范围和真实状态","只在隔离环境或人工审查中演练，保留回滚证据","显式 ID 标注"
"db-cache","db-rabbit-plugins","rabbitmq-plugins enable","1","command","负提升","直接模拟副作用或自动判通过会掩盖权限、范围和真实状态","只在隔离环境或人工审查中演练，保留回滚证据","显式 ID 标注"
"monitor","mo-log-rsyslog","rsyslog 规则","3","recipe","不建议做","是概念、模板或组合配方，单独做一个模拟命令课容易碎片化","保留速查；在相关场景课中按需引用","默认暂缓，需按真实需求复核"
"monitor","mo-grafana-api","Grafana API 导入看板","3","recipe","不建议做","是概念、模板或组合配方，单独做一个模拟命令课容易碎片化","保留速查；在相关场景课中按需引用","默认暂缓，需按真实需求复核"
"monitor","mo-jvm-arthas","arthas","4","command","不建议做","低频或强依赖具体平台/版本，当前没有独立课程的足够收益","保留手册，遇到实际案例再补定向练习","默认暂缓，需按真实需求复核"
"cloud-cli","hw-ecs-create","hcloud ECS CreatePostPaidServers","2","command","负提升","真实调用会改资源、产生费用或泄露访问能力；模拟成功不等于云端状态已验证","只做参数辨析与带费用边界的真实测试账号演练","显式 ID 标注"
"cloud-cli","hw-ecs-update-resize","hcloud ECS UpdateServer / ResizePostPaidServer","3","command","负提升","真实调用会改资源、产生费用或泄露访问能力；模拟成功不等于云端状态已验证","只做参数辨析与带费用边界的真实测试账号演练","显式 ID 标注"
"cloud-cli","hw-ecs-keypair-group","hcloud ECS NovaCreateKeypair / NovaCreateServerGroup","3","command","负提升","真实调用会改资源、产生费用或泄露访问能力；模拟成功不等于云端状态已验证","只做参数辨析与带费用边界的真实测试账号演练","显式 ID 标注"
"cloud-cli","hw-obs-put-object","hcloud OBS PutObject","3","command","负提升","真实调用会改资源、产生费用或泄露访问能力；模拟成功不等于云端状态已验证","只做参数辨析与带费用边界的真实测试账号演练","显式 ID 标注"
"cloud-cli","hw-vpc-create","hcloud VPC CreateVpc / CreateSubnet","2","command","负提升","真实调用会改资源、产生费用或泄露访问能力；模拟成功不等于云端状态已验证","只做参数辨析与带费用边界的真实测试账号演练","显式 ID 标注"
"cloud-cli","hw-evs-create","hcloud EVS CreateVolume","2","command","负提升","真实调用会改资源、产生费用或泄露访问能力；模拟成功不等于云端状态已验证","只做参数辨析与带费用边界的真实测试账号演练","显式 ID 标注"
"cloud-cli","hw-elb-create-listener","hcloud ELB CreateLoadBalancer / CreateListener","3","command","负提升","真实调用会改资源、产生费用或泄露访问能力；模拟成功不等于云端状态已验证","只做参数辨析与带费用边界的真实测试账号演练","显式 ID 标注"
"cloud-cli","hw-rds-create","hcloud RDS CreateInstance","3","command","负提升","真实调用会改资源、产生费用或泄露访问能力；模拟成功不等于云端状态已验证","只做参数辨析与带费用边界的真实测试账号演练","显式 ID 标注"
"cloud-cli","hw-obsutil-mb","obsutil mb","1","command","负提升","真实调用会改资源、产生费用或泄露访问能力；模拟成功不等于云端状态已验证","只做参数辨析与带费用边界的真实测试账号演练","显式 ID 标注"
"cloud-cli","hw-obsutil-sign","obsutil sign（生成临时下载链接）","2","recipe","负提升","真实调用会改资源、产生费用或泄露访问能力；模拟成功不等于云端状态已验证","只做参数辨析与带费用边界的真实测试账号演练","显式 ID 标注"
"cloud-cli","hw-obsutil-restore-resume","obsutil restore 与断点续传/分片参数（-j / -p / -cpd / -threshold）","3","recipe","负提升","真实调用会改资源、产生费用或泄露访问能力；模拟成功不等于云端状态已验证","只做参数辨析与带费用边界的真实测试账号演练","显式 ID 标注"
"cloud-cli","hw-aws-configure","aws configure","1","command","不建议做","跨云平台资料与当前华为云主线不同，缺少账号环境时独立模拟课容易变成命令背诵","保留跨云对照；有实际 AWS/Azure 项目时再设计完整任务","默认暂缓，需按真实需求复核"
"cloud-cli","hw-aws-sts-identity","aws sts get-caller-identity","1","command","不建议做","跨云平台资料与当前华为云主线不同，缺少账号环境时独立模拟课容易变成命令背诵","保留跨云对照；有实际 AWS/Azure 项目时再设计完整任务","默认暂缓，需按真实需求复核"
"cloud-cli","hw-aws-ec2-describe","aws ec2 describe-instances","2","command","不建议做","跨云平台资料与当前华为云主线不同，缺少账号环境时独立模拟课容易变成命令背诵","保留跨云对照；有实际 AWS/Azure 项目时再设计完整任务","默认暂缓，需按真实需求复核"
"cloud-cli","hw-aws-ec2-power","aws ec2 start-instances / stop-instances","2","command","负提升","真实调用会改资源、产生费用或泄露访问能力；模拟成功不等于云端状态已验证","只做参数辨析与带费用边界的真实测试账号演练","显式 ID 标注"
"cloud-cli","hw-aws-s3-sync","aws s3 sync","2","command","负提升","真实调用会改资源、产生费用或泄露访问能力；模拟成功不等于云端状态已验证","只做参数辨析与带费用边界的真实测试账号演练","显式 ID 标注"
"cloud-cli","hw-aws-s3-presign","aws s3 presign","2","command","负提升","真实调用会改资源、产生费用或泄露访问能力；模拟成功不等于云端状态已验证","只做参数辨析与带费用边界的真实测试账号演练","显式 ID 标注"
"cloud-cli","hw-aws-eks-ecr","aws eks update-kubeconfig / ecr get-login-password","3","command","不建议做","跨云平台资料与当前华为云主线不同，缺少账号环境时独立模拟课容易变成命令背诵","保留跨云对照；有实际 AWS/Azure 项目时再设计完整任务","默认暂缓，需按真实需求复核"
"cloud-cli","hw-az-login","az login","1","command","不建议做","跨云平台资料与当前华为云主线不同，缺少账号环境时独立模拟课容易变成命令背诵","保留跨云对照；有实际 AWS/Azure 项目时再设计完整任务","默认暂缓，需按真实需求复核"
"cloud-cli","hw-az-account-list","az account list / az account set","1","command","不建议做","跨云平台资料与当前华为云主线不同，缺少账号环境时独立模拟课容易变成命令背诵","保留跨云对照；有实际 AWS/Azure 项目时再设计完整任务","默认暂缓，需按真实需求复核"
"cloud-cli","hw-az-vm","az vm list / az vm create","2","command","负提升","真实调用会改资源、产生费用或泄露访问能力；模拟成功不等于云端状态已验证","只做参数辨析与带费用边界的真实测试账号演练","显式 ID 标注"
"cloud-cli","hw-az-storage-blob-upload","az storage blob upload","2","command","负提升","真实调用会改资源、产生费用或泄露访问能力；模拟成功不等于云端状态已验证","只做参数辨析与带费用边界的真实测试账号演练","显式 ID 标注"
"cloud-cli","hw-az-aks-credentials","az aks get-credentials","2","command","不建议做","跨云平台资料与当前华为云主线不同，缺少账号环境时独立模拟课容易变成命令背诵","保留跨云对照；有实际 AWS/Azure 项目时再设计完整任务","默认暂缓，需按真实需求复核"
"iac","iac-tf-refresh","terraform refresh","2","command","负提升","旧式直接刷新状态的路径容易掩盖漂移，不应作为推荐操作课","讲清 plan -refresh-only 与状态备份/审查","显式 ID 标注"
"iac","iac-tf-workspace","terraform workspace","2","command","不建议做","与现有命令或课程高度相邻，单独补课容易重复","保留手册，必要时补到现有讲义而非新增整课","默认暂缓，需按真实需求复核"
"cicd","ci-jenkins-cli","jenkins-cli","3","command","不建议做","流水线配置片段脱离完整仓库和 Runner 很难形成可核验练习","放进完整流水线项目，先验证真实配置与作业日志","默认暂缓，需按真实需求复核"
"cicd","ci-jenkins-parallel","Jenkins parallel 并行阶段","3","recipe","不建议做","流水线配置片段脱离完整仓库和 Runner 很难形成可核验练习","放进完整流水线项目，先验证真实配置与作业日志","默认暂缓，需按真实需求复核"
"cicd","ci-jenkins-when","Jenkins when 条件","3","recipe","不建议做","流水线配置片段脱离完整仓库和 Runner 很难形成可核验练习","放进完整流水线项目，先验证真实配置与作业日志","默认暂缓，需按真实需求复核"
"cicd","ci-jenkins-params","Jenkins 构建参数与 parameters","3","recipe","不建议做","流水线配置片段脱离完整仓库和 Runner 很难形成可核验练习","放进完整流水线项目，先验证真实配置与作业日志","默认暂缓，需按真实需求复核"
"cicd","ci-gitlab-yml",".gitlab-ci.yml 结构","3","recipe","不建议做","流水线配置片段脱离完整仓库和 Runner 很难形成可核验练习","放进完整流水线项目，先验证真实配置与作业日志","默认暂缓，需按真实需求复核"
"cicd","ci-gitlab-runner","gitlab-runner register","3","command","负提升","直接模拟副作用或自动判通过会掩盖权限、范围和真实状态","只在隔离环境或人工审查中演练，保留回滚证据","显式 ID 标注"
"cicd","ci-gitlab-services","GitLab CI services","3","command","不建议做","流水线配置片段脱离完整仓库和 Runner 很难形成可核验练习","放进完整流水线项目，先验证真实配置与作业日志","默认暂缓，需按真实需求复核"
"kvm","vm-misc-packer","packer","3","command","不建议做","低频或强依赖具体平台/版本，当前没有独立课程的足够收益","保留手册，遇到实际案例再补定向练习","默认暂缓，需按真实需求复核"
"kvm","vm-misc-vagrant","vagrant","2","command","不建议做","与现有命令或课程高度相邻，单独补课容易重复","保留手册，必要时补到现有讲义而非新增整课","默认暂缓，需按真实需求复核"
"kvm","vm-misc-govc","govc","3","command","不建议做","低频或强依赖具体平台/版本，当前没有独立课程的足够收益","保留手册，遇到实际案例再补定向练习","默认暂缓，需按真实需求复核"
"security","sec-masscan","masscan","3","command","负提升","直接模拟副作用或自动判通过会掩盖权限、范围和真实状态","只在隔离环境或人工审查中演练，保留回滚证据","显式 ID 标注"
"security","sec-nikto","nikto","2","command","负提升","直接模拟副作用或自动判通过会掩盖权限、范围和真实状态","只在隔离环境或人工审查中演练，保留回滚证据","显式 ID 标注"
"security","sec-waf-ddos","WAF 与 DDoS 基础配置","3","recipe","不建议做","是概念、模板或组合配方，单独做一个模拟命令课容易碎片化","保留速查；在相关场景课中按需引用","默认暂缓，需按真实需求复核"
"security","sec-setenforce","setenforce","2","command","负提升","直接模拟副作用或自动判通过会掩盖权限、范围和真实状态","只在隔离环境或人工审查中演练，保留回滚证据","显式 ID 标注"
"security","sec-setsebool","setsebool","2","command","负提升","直接模拟副作用或自动判通过会掩盖权限、范围和真实状态","只在隔离环境或人工审查中演练，保留回滚证据","显式 ID 标注"
