"分类","课程ID","步骤序号","步骤标题","命令","关联命令ID","建议","理由","下一步","筛选方式"
"linux-basic","ls-long","1","看清目录里有什么","ls /var/log/nginx","lb-ls","不建议做","主要是探索、铺垫或只读观察；精确命令、退出码和整课目标已有基本约束","不逐字断言样例回显；必要时在后续验收步骤检查结论","规则初筛，未验证断言设计"
"linux-basic","ls-long","2","加上长格式","ls -l /var/log/nginx","lb-ls","不建议做","主要是探索、铺垫或只读观察；精确命令、退出码和整课目标已有基本约束","不逐字断言样例回显；必要时在后续验收步骤检查结论","规则初筛，未验证断言设计"
"linux-basic","ls-long","3","让大小变成人类可读","ls -lh /var/log/nginx","lb-ls","不建议做","主要是探索、铺垫或只读观察；精确命令、退出码和整课目标已有基本约束","不逐字断言样例回显；必要时在后续验收步骤检查结论","规则初筛，未验证断言设计"
"linux-basic","ls-time","1","先复习上一步","ls -lh /var/log/nginx","lb-ls","不建议做","主要是探索、铺垫或只读观察；精确命令、退出码和整课目标已有基本约束","不逐字断言样例回显；必要时在后续验收步骤检查结论","规则初筛，未验证断言设计"
"linux-basic","ls-time","2","按修改时间倒序","ls -lht /var/log/nginx","lb-ls","不建议做","主要是探索、铺垫或只读观察；精确命令、退出码和整课目标已有基本约束","不逐字断言样例回显；必要时在后续验收步骤检查结论","规则初筛，未验证断言设计"
"linux-basic","basic-free-space","2","看目录里都有什么","ls -lh /data","lb-ls","不建议做","主要是探索、铺垫或只读观察；精确命令、退出码和整课目标已有基本约束","不逐字断言样例回显；必要时在后续验收步骤检查结论","规则初筛，未验证断言设计"
"linux-basic","basic-free-space","3","逐层量目录占用","du -sh /data/app","ls9-du","不建议做","主要是探索、铺垫或只读观察；精确命令、退出码和整课目标已有基本约束","不逐字断言样例回显；必要时在后续验收步骤检查结论","规则初筛，未验证断言设计"
"linux-basic","basic-perm-tree","1","看目录层级","ls -R /data/app","lb-ls","不建议做","主要是探索、铺垫或只读观察；精确命令、退出码和整课目标已有基本约束","不逐字断言样例回显；必要时在后续验收步骤检查结论","规则初筛，未验证断言设计"
"linux-basic","basic-perm-tree","2","看权限与属主","ls -l /data/app","lb-ls","不建议做","主要是探索、铺垫或只读观察；精确命令、退出码和整课目标已有基本约束","不逐字断言样例回显；必要时在后续验收步骤检查结论","规则初筛，未验证断言设计"
"linux-basic","basic-perm-tree","3","看文件的详细信息","stat /data/app/config.yaml","lb-stat","不建议做","主要是探索、铺垫或只读观察；精确命令、退出码和整课目标已有基本约束","不逐字断言样例回显；必要时在后续验收步骤检查结论","规则初筛，未验证断言设计"
"linux-basic","basic-perm-tree","4","看日志文件的权限","ls -l /data/app/logs","lb-ls","不建议做","主要是探索、铺垫或只读观察；精确命令、退出码和整课目标已有基本约束","不逐字断言样例回显；必要时在后续验收步骤检查结论","规则初筛，未验证断言设计"
"linux-basic","basic-tar-backup","2","打包并压缩","tar -czf /data/backup/nginx-logs.tar.gz /var/log/nginx","lb-tar","不建议做","主要是探索、铺垫或只读观察；精确命令、退出码和整课目标已有基本约束","不逐字断言样例回显；必要时在后续验收步骤检查结论","规则初筛，未验证断言设计"
"linux-basic","basic-tar-backup","3","列出包内清单","tar -tzf /data/backup/nginx-logs.tar.gz","lb-tar","负提升","模拟器明确提示回显/副作用是教学替身；对这段文字加断言会把假状态判成真","保留模拟说明；真机结果用后置状态或人工证据验收","规则初筛，未验证断言设计"
"linux-text","grep-context","1","先看看日志长什么样","cat /var/log/nginx/error.log","lb-cat","不建议做","主要是探索、铺垫或只读观察；精确命令、退出码和整课目标已有基本约束","不逐字断言样例回显；必要时在后续验收步骤检查结论","规则初筛，未验证断言设计"
"linux-text","grep-context","2","按关键词过滤","grep error /var/log/nginx/error.log","lt-grep","不建议做","主要是探索、铺垫或只读观察；精确命令、退出码和整课目标已有基本约束","不逐字断言样例回显；必要时在后续验收步骤检查结论","规则初筛，未验证断言设计"
"linux-text","grep-context","3","忽略大小写","grep -i error /var/log/nginx/error.log","lt-grep","不建议做","主要是探索、铺垫或只读观察；精确命令、退出码和整课目标已有基本约束","不逐字断言样例回显；必要时在后续验收步骤检查结论","规则初筛，未验证断言设计"
"linux-text","grep-invert","2","反向匹配排除它","grep -v healthz /var/log/nginx/access.log","lt-grep","不建议做","主要是探索、铺垫或只读观察；精确命令、退出码和整课目标已有基本约束","不逐字断言样例回显；必要时在后续验收步骤检查结论","规则初筛，未验证断言设计"
"linux-text","awk-topip","1","取出第一列","awk '{print $1}' /var/log/nginx/access.log","lt-awk","不建议做","主要是探索、铺垫或只读观察；精确命令、退出码和整课目标已有基本约束","不逐字断言样例回显；必要时在后续验收步骤检查结论","规则初筛，未验证断言设计"
"linux-text","awk-topip","2","排序","awk '{print $1}' /var/log/nginx/access.log | sort","lt-sort-column","不建议做","主要是探索、铺垫或只读观察；精确命令、退出码和整课目标已有基本约束","不逐字断言样例回显；必要时在后续验收步骤检查结论","规则初筛，未验证断言设计"
"linux-text","awk-topip","3","计数","awk '{print $1}' /var/log/nginx/access.log | sort | uniq -c","lt-uniq","不建议做","主要是探索、铺垫或只读观察；精确命令、退出码和整课目标已有基本约束","不逐字断言样例回显；必要时在后续验收步骤检查结论","规则初筛，未验证断言设计"
"linux-text","awk-topip","4","倒序取前几","awk '{print $1}' /var/log/nginx/access.log | sort | uniq -c | sort -rn | head -3","lb-head","不建议做","主要是探索、铺垫或只读观察；精确命令、退出码和整课目标已有基本约束","不逐字断言样例回显；必要时在后续验收步骤检查结论","规则初筛，未验证断言设计"
"linux-basic","tail-follow","2","持续跟踪新日志","tail -f -n 20 /data/app/logs/app.log","lb-tail","负提升","模拟器明确提示回显/副作用是教学替身；对这段文字加断言会把假状态判成真","保留模拟说明；真机结果用后置状态或人工证据验收","规则初筛，未验证断言设计"
"linux-storage","du-culprit","2","统计备份目录","du -sh /data/backup","ls9-du","不建议做","主要是探索、铺垫或只读观察；精确命令、退出码和整课目标已有基本约束","不逐字断言样例回显；必要时在后续验收步骤检查结论","规则初筛，未验证断言设计"
"linux-storage","df-inode","2","换成 inode 视图","df -i /data","ls9-df","不建议做","主要是探索、铺垫或只读观察；精确命令、退出码和整课目标已有基本约束","不逐字断言样例回显；必要时在后续验收步骤检查结论","规则初筛，未验证断言设计"
"linux-net","ss-listen","1","看所有监听端口","ss -tuln","ln-ss","不建议做","主要是探索、铺垫或只读观察；精确命令、退出码和整课目标已有基本约束","不逐字断言样例回显；必要时在后续验收步骤检查结论","规则初筛，未验证断言设计"
"linux-net","curl-head","1","先取一次完整响应","curl http://127.0.0.1","ln-curl","不建议做","主要是探索、铺垫或只读观察；精确命令、退出码和整课目标已有基本约束","不逐字断言样例回显；必要时在后续验收步骤检查结论","规则初筛，未验证断言设计"
"linux-net","curl-head","2","只看响应头","curl -I http://127.0.0.1","ln-curl","不建议做","主要是探索、铺垫或只读观察；精确命令、退出码和整课目标已有基本约束","不逐字断言样例回显；必要时在后续验收步骤检查结论","规则初筛，未验证断言设计"
"linux-user","lu-who-can-sudo","1","先看这个账号是谁","id deploy","lu-id","不建议做","主要是探索、铺垫或只读观察；精确命令、退出码和整课目标已有基本约束","不逐字断言样例回显；必要时在后续验收步骤检查结论","规则初筛，未验证断言设计"
"linux-user","lu-who-can-sudo","2","看它属于哪个提权组","getent group wheel","lu-getent","不建议做","主要是探索、铺垫或只读观察；精确命令、退出码和整课目标已有基本约束","不逐字断言样例回显；必要时在后续验收步骤检查结论","规则初筛，未验证断言设计"
"linux-user","lu-who-can-sudo","3","看它的 sudo 授权","cat /etc/sudoers.d/deploy","lu-sudo","不建议做","主要是探索、铺垫或只读观察；精确命令、退出码和整课目标已有基本约束","不逐字断言样例回显；必要时在后续验收步骤检查结论","规则初筛，未验证断言设计"
"linux-user","lu-key-perm-600","1","先看权限到底是什么","stat -c ""%a %U:%G %n"" /root/.ssh/id_ed25519","lu-stat","不建议做","主要是探索、铺垫或只读观察；精确命令、退出码和整课目标已有基本约束","不逐字断言样例回显；必要时在后续验收步骤检查结论","规则初筛，未验证断言设计"
"linux-user","lu-umask-newfile","1","看当前的权限掩码","umask","lu-umask","不建议做","主要是探索、铺垫或只读观察；精确命令、退出码和整课目标已有基本约束","不逐字断言样例回显；必要时在后续验收步骤检查结论","规则初筛，未验证断言设计"
"linux-user","lu-umask-newfile","2","用符号形式看清楚","umask -S","lu-umask","不建议做","主要是探索、铺垫或只读观察；精确命令、退出码和整课目标已有基本约束","不逐字断言样例回显；必要时在后续验收步骤检查结论","规则初筛，未验证断言设计"
"linux-user","lu-service-wont-start","2","看这个服务的全部日志","journalctl -u myapp --no-pager","lu-journalctl","不建议做","主要是探索、铺垫或只读观察；精确命令、退出码和整课目标已有基本约束","不逐字断言样例回显；必要时在后续验收步骤检查结论","规则初筛，未验证断言设计"
"linux-user","lu-service-wont-start","3","限定时间范围","journalctl -u myapp --since ""10 min ago"" --no-pager","lu-journalctl","不建议做","主要是探索、铺垫或只读观察；精确命令、退出码和整课目标已有基本约束","不逐字断言样例回显；必要时在后续验收步骤检查结论","规则初筛，未验证断言设计"
"linux-user","lu-service-wont-start","4","看服务到底是怎么配的","systemctl cat myapp","lu-systemctl","负提升","模拟器明确提示回显/副作用是教学替身；对这段文字加断言会把假状态判成真","保留模拟说明；真机结果用后置状态或人工证据验收","规则初筛，未验证断言设计"
"linux-user","lu-host-identity","1","确认主机名","hostname","lu-hostname","不建议做","只读主机名，精确命令和退出码已足够；固定示例主机名没有迁移价值","保留整课目标验收","逐步复核，模拟器实跑"
"linux-user","lu-host-identity","2","看发行版与内核","lsb_release -a","lu-lsb-release","不建议做","主要是探索、铺垫或只读观察；精确命令、退出码和整课目标已有基本约束","不逐字断言样例回显；必要时在后续验收步骤检查结论","规则初筛，未验证断言设计"
"linux-user","lu-host-identity","3","看内核版本","uname -r","lu-uname","不建议做","主要是探索、铺垫或只读观察；精确命令、退出码和整课目标已有基本约束","不逐字断言样例回显；必要时在后续验收步骤检查结论","规则初筛，未验证断言设计"
"linux-user","lu-host-identity","4","看时间与时区","timedatectl","lu-timedatectl","不建议做","主要是探索、铺垫或只读观察；精确命令、退出码和整课目标已有基本约束","不逐字断言样例回显；必要时在后续验收步骤检查结论","规则初筛，未验证断言设计"
"linux-storage","ls-growpart-after-resize","1","看磁盘与分区的大小","lsblk /dev/vdb","ls9-lsblk","不建议做","主要是探索、铺垫或只读观察；精确命令、退出码和整课目标已有基本约束","不逐字断言样例回显；必要时在后续验收步骤检查结论","规则初筛，未验证断言设计"
"linux-storage","ls-growpart-after-resize","2","把分区扩到整块盘","growpart /dev/vdb 1","ls9-growpart","负提升","模拟器明确提示回显/副作用是教学替身；对这段文字加断言会把假状态判成真","保留模拟说明；真机结果用后置状态或人工证据验收","规则初筛，未验证断言设计"
"linux-storage","ls-growpart-after-resize","3","扩文件系统并验证","resize2fs /dev/vdb1 && df -h /data","ls9-growpart","负提升","模拟器明确提示回显/副作用是教学替身；对这段文字加断言会把假状态判成真","保留模拟说明；真机结果用后置状态或人工证据验收","规则初筛，未验证断言设计"
"linux-storage","ls-growpart-after-resize","4","XFS 要用另一个命令","xfs_growfs /data","ls9-growpart","负提升","模拟器明确提示回显/副作用是教学替身；对这段文字加断言会把假状态判成真","保留模拟说明；真机结果用后置状态或人工证据验收","规则初筛，未验证断言设计"
"linux-storage","ls-umount-busy","1","查是谁占着这个目录","lsof +D /data","ls9-umount","负提升","模拟器明确提示回显/副作用是教学替身；对这段文字加断言会把假状态判成真","保留模拟说明；真机结果用后置状态或人工证据验收","规则初筛，未验证断言设计"
"linux-storage","ls-umount-busy","3","看懒卸载是什么行为","umount -l /data","ls9-umount","负提升","模拟器明确提示回显/副作用是教学替身；对这段文字加断言会把假状态判成真","保留模拟说明；真机结果用后置状态或人工证据验收","规则初筛，未验证断言设计"
"linux-storage","ls-df-du-mismatch","1","看文件系统的完整参数","dumpe2fs -h /dev/vdb1","ls9-tune2fs","不建议做","主要是探索、铺垫或只读观察；精确命令、退出码和整课目标已有基本约束","不逐字断言样例回显；必要时在后续验收步骤检查结论","规则初筛，未验证断言设计"
"linux-storage","ls-df-du-mismatch","2","把预留比例降到 1%","tune2fs -m 1 /dev/vdb1","ls9-tune2fs","负提升","模拟器明确提示回显/副作用是教学替身；对这段文字加断言会把假状态判成真","保留模拟说明；真机结果用后置状态或人工证据验收","规则初筛，未验证断言设计"
"linux-storage","ls-lsblk-before-mount","1","看整体拓扑","lsblk","ls9-lsblk","不建议做","主要是探索、铺垫或只读观察；精确命令、退出码和整课目标已有基本约束","不逐字断言样例回显；必要时在后续验收步骤检查结论","规则初筛，未验证断言设计"
"linux-storage","ls-lsblk-before-mount","2","看单块盘的文件系统信息","lsblk -f /dev/vdb","ls9-lsblk","不建议做","主要是探索、铺垫或只读观察；精确命令、退出码和整课目标已有基本约束","不逐字断言样例回显；必要时在后续验收步骤检查结论","规则初筛，未验证断言设计"
"linux-storage","ls-lsblk-before-mount","3","看物理盘本身","lsblk -dp -o NAME,SIZE,TYPE,MODEL","ls9-lsblk","不建议做","主要是探索、铺垫或只读观察；精确命令、退出码和整课目标已有基本约束","不逐字断言样例回显；必要时在后续验收步骤检查结论","规则初筛，未验证断言设计"
"linux-net","net-where-is-the-latency","1","把耗时拆成几段","curl -o /dev/null -s -w ""DNS:%{time_namelookup} 连接:%{time_connect} TLS:%{time_appconnect} 首字节:%{time_starttransfer} 总计:%{time_total}\n"" https://www.huaweicloud.com/","ln-curl-timing","不建议做","主要是探索、铺垫或只读观察；精确命令、退出码和整课目标已有基本约束","不逐字断言样例回显；必要时在后续验收步骤检查结论","规则初筛，未验证断言设计"
"linux-net","net-where-is-the-latency","3","重复采样看是否稳定","for i in 1 2 3; do curl -o /dev/null -s -w ""%{time_total}\n"" https://api.example.com/v1/users; done","ln-curl-timing","不建议做","主要是探索、铺垫或只读观察；精确命令、退出码和整课目标已有基本约束","不逐字断言样例回显；必要时在后续验收步骤检查结论","规则初筛，未验证断言设计"
"linux-net","net-dns-resolution-wrong","1","先看本机在用哪个解析器","cat /etc/resolv.conf","ln-resolv-conf","不建议做","主要是探索、铺垫或只读观察；精确命令、退出码和整课目标已有基本约束","不逐字断言样例回显；必要时在后续验收步骤检查结论","规则初筛，未验证断言设计"
"linux-net","net-dns-resolution-wrong","2","用本机解析器解析","dig +short www.huaweicloud.com","ln-dig","不建议做","主要是探索、铺垫或只读观察；精确命令、退出码和整课目标已有基本约束","不逐字断言样例回显；必要时在后续验收步骤检查结论","规则初筛，未验证断言设计"
"linux-net","net-dns-resolution-wrong","3","换成公共 DNS 再解析一次","dig @8.8.8.8 www.example.com","ln-dig","不建议做","主要是探索、铺垫或只读观察；精确命令、退出码和整课目标已有基本约束","不逐字断言样例回显；必要时在后续验收步骤检查结论","规则初筛，未验证断言设计"
"linux-net","net-tcpdump-did-it-arrive","1","按端口抓一小批包","tcpdump -i any -nn port 80 -c 20","ln-tcpdump","负提升","模拟器明确提示回显/副作用是教学替身；对这段文字加断言会把假状态判成真","保留模拟说明；真机结果用后置状态或人工证据验收","规则初筛，未验证断言设计"
"linux-net","net-tcpdump-did-it-arrive","2","按主机与端口精确过滤","tcpdump -i any -nn host 192.168.1.10 and port 3306 -c 50","ln-tcpdump","负提升","模拟器明确提示回显/副作用是教学替身；对这段文字加断言会把假状态判成真","保留模拟说明；真机结果用后置状态或人工证据验收","规则初筛，未验证断言设计"
"linux-net","net-tcpdump-did-it-arrive","3","带内容抓包看报文","tcpdump -i any -nn -A -s 0 port 8080 -c 10","ln-tcpdump","负提升","模拟器明确提示回显/副作用是教学替身；对这段文字加断言会把假状态判成真","保留模拟说明；真机结果用后置状态或人工证据验收","规则初筛，未验证断言设计"
"linux-net","net-kill-one-connection","1","按对端地址筛选连接","ss -K dst 203.0.113.10","ln-ss-kill","不建议做","主要是探索、铺垫或只读观察；精确命令、退出码和整课目标已有基本约束","不逐字断言样例回显；必要时在后续验收步骤检查结论","规则初筛，未验证断言设计"
"linux-net","net-kill-one-connection","2","按目标端口筛选","ss -Kta 'dport = :6379'","ln-ss-kill","不建议做","主要是探索、铺垫或只读观察；精确命令、退出码和整课目标已有基本约束","不逐字断言样例回显；必要时在后续验收步骤检查结论","规则初筛，未验证断言设计"
"linux-net","net-kill-one-connection","3","按状态筛选卡住的连接","ss -Kta 'sport = :8080 state close-wait'","ln-ss-kill","不建议做","主要是探索、铺垫或只读观察；精确命令、退出码和整课目标已有基本约束","不逐字断言样例回显；必要时在后续验收步骤检查结论","规则初筛，未验证断言设计"
"linux-storage","ls-findmnt-which-device","1","反查目录的挂载来源","findmnt -T /data","ls9-findmnt","不建议做","主要是探索、铺垫或只读观察；精确命令、退出码和整课目标已有基本约束","不逐字断言样例回显；必要时在后续验收步骤检查结论","规则初筛，未验证断言设计"
"linux-storage","ls-findmnt-which-device","2","校验整个挂载配置","findmnt --verify --verbose","ls9-findmnt","负提升","模拟器明确提示回显/副作用是教学替身；对这段文字加断言会把假状态判成真","保留模拟说明；真机结果用后置状态或人工证据验收","规则初筛，未验证断言设计"
"linux-storage","ls-io-bottleneck","1","按设备看 IO 饱和度","iostat -x -d -m 1 5","ls9-iostat","不建议做","主要是探索、铺垫或只读观察；精确命令、退出码和整课目标已有基本约束","不逐字断言样例回显；必要时在后续验收步骤检查结论","规则初筛，未验证断言设计"
"linux-storage","ls-io-bottleneck","2","只看目标盘并滤掉噪声","iostat -x -d -y 2 10 | grep -E ""Device|vdb""","ls9-iostat","不建议做","主要是探索、铺垫或只读观察；精确命令、退出码和整课目标已有基本约束","不逐字断言样例回显；必要时在后续验收步骤检查结论","规则初筛，未验证断言设计"
"linux-storage","ls-io-bottleneck","3","按进程看谁在读写","iotop -o -P","ls9-iotop","负提升","模拟器明确提示回显/副作用是教学替身；对这段文字加断言会把假状态判成真","保留模拟说明；真机结果用后置状态或人工证据验收","规则初筛，未验证断言设计"
"linux-storage","ls-io-bottleneck","4","看读写量与累计","iotop -o -k -d 2","ls9-iotop","负提升","模拟器明确提示回显/副作用是教学替身；对这段文字加断言会把假状态判成真","保留模拟说明；真机结果用后置状态或人工证据验收","规则初筛，未验证断言设计"
"linux-storage","ls-disk-perf-baseline","1","先量目录访问延迟","ioping -c 20 /data","ls9-ioping","不建议做","主要是探索、铺垫或只读观察；精确命令、退出码和整课目标已有基本约束","不逐字断言样例回显；必要时在后续验收步骤检查结论","规则初筛，未验证断言设计"
"linux-storage","ls-disk-perf-baseline","2","绕过缓存直接量块设备","ioping -D -c 20 /dev/vdb","ls9-ioping","不建议做","主要是探索、铺垫或只读观察；精确命令、退出码和整课目标已有基本约束","不逐字断言样例回显；必要时在后续验收步骤检查结论","规则初筛，未验证断言设计"
"linux-storage","ls-disk-perf-baseline","3","指定块大小再测一遍","ioping -W -D -s 4k -c 20 /data","ls9-ioping","不建议做","主要是探索、铺垫或只读观察；精确命令、退出码和整课目标已有基本约束","不逐字断言样例回显；必要时在后续验收步骤检查结论","规则初筛，未验证断言设计"
"linux-storage","ls-disk-perf-baseline","4","跑一次标准随机读基准","fio --name=randread --filename=/data/fio.test --ioengine=libaio --direct=1 --rw=randread --bs=4k --iodepth=32 --runtime=10 --size=1G --group_reporting","ls9-fio","不建议做","主要是探索、铺垫或只读观察；精确命令、退出码和整课目标已有基本约束","不逐字断言样例回显；必要时在后续验收步骤检查结论","规则初筛，未验证断言设计"
"linux-storage","ls-lvm-why","1","看物理卷层","pvs -o pv_name,pv_size,pv_free,vg_name","ls9-pvcreate","不建议做","主要是探索、铺垫或只读观察；精确命令、退出码和整课目标已有基本约束","不逐字断言样例回显；必要时在后续验收步骤检查结论","规则初筛，未验证断言设计"
"linux-storage","ls-lvm-why","2","看逻辑卷层","lvs -o lv_name,vg_name,lv_size,lv_path","ls9-lvcreate","不建议做","主要是探索、铺垫或只读观察；精确命令、退出码和整课目标已有基本约束","不逐字断言样例回显；必要时在后续验收步骤检查结论","规则初筛，未验证断言设计"
"linux-storage","ls-lvm-why","3","在线扩一个逻辑卷","lvextend -L +50G -r /dev/vg-data/lv-data","ls9-lvcreate","负提升","模拟器明确提示回显/副作用是教学替身；对这段文字加断言会把假状态判成真","保留模拟说明；真机结果用后置状态或人工证据验收","规则初筛，未验证断言设计"
"linux-storage","ls-smart-disk-failing","2","看几个关键预警计数","smartctl -a /dev/sda | grep -E ""Reallocated_Sector_Ct|Current_Pending_Sector|Percentage_Used""","ls9-smartctl","不建议做","主要是探索、铺垫或只读观察；精确命令、退出码和整课目标已有基本约束","不逐字断言样例回显；必要时在后续验收步骤检查结论","规则初筛，未验证断言设计"
"linux-storage","ls-smart-disk-failing","3","发起一次自检","smartctl -t short /dev/sda && sleep 120 && smartctl -l selftest /dev/sda","ls9-smartctl","负提升","模拟器明确提示回显/副作用是教学替身；对这段文字加断言会把假状态判成真","保留模拟说明；真机结果用后置状态或人工证据验收","规则初筛，未验证断言设计"
"linux-storage","ls-raid-degraded","2","看阵列明细","cat /proc/mdstat && mdadm --detail /dev/md0","ls9-mdstat","不建议做","主要是探索、铺垫或只读观察；精确命令、退出码和整课目标已有基本约束","不逐字断言样例回显；必要时在后续验收步骤检查结论","规则初筛，未验证断言设计"
"linux-storage","ls-new-disk-not-visible","1","看这块盘的分区表","fdisk -l /dev/vdb","ls9-fdisk","不建议做","主要是探索、铺垫或只读观察；精确命令、退出码和整课目标已有基本约束","不逐字断言样例回显；必要时在后续验收步骤检查结论","规则初筛，未验证断言设计"
"linux-storage","ls-new-disk-not-visible","3","看设备的文件系统标识","blkid /dev/vdb1","ls9-blkid","不建议做","主要是探索、铺垫或只读观察；精确命令、退出码和整课目标已有基本约束","不逐字断言样例回显；必要时在后续验收步骤检查结论","规则初筛，未验证断言设计"
"linux-storage","ls-new-disk-not-visible","4","进分区工具的交互界面","fdisk /dev/vdb","ls9-fdisk","负提升","模拟器明确提示回显/副作用是教学替身；对这段文字加断言会把假状态判成真","保留模拟说明；真机结果用后置状态或人工证据验收","规则初筛，未验证断言设计"
"linux-net","net-route-missing","1","看完整路由表","ip route show","ln-ip-route","不建议做","主要是探索、铺垫或只读观察；精确命令、退出码和整课目标已有基本约束","不逐字断言样例回显；必要时在后续验收步骤检查结论","规则初筛，未验证断言设计"
"linux-net","net-route-missing","2","查某个地址会走哪条路由","ip route get 8.8.8.8","ln-ip-route","不建议做","主要是探索、铺垫或只读观察；精确命令、退出码和整课目标已有基本约束","不逐字断言样例回显；必要时在后续验收步骤检查结论","规则初筛，未验证断言设计"
"linux-net","net-route-missing","3","加一条静态路由","ip route add 10.0.0.0/24 via 192.168.1.1 dev eth0","ln-ip-route","不建议做","主要是探索、铺垫或只读观察；精确命令、退出码和整课目标已有基本约束","不逐字断言样例回显；必要时在后续验收步骤检查结论","规则初筛，未验证断言设计"
"linux-net","net-traceroute-where-broken","1","逐跳追踪（不做反解）","traceroute -n 8.8.8.8","ln-traceroute","不建议做","主要是探索、铺垫或只读观察；精确命令、退出码和整课目标已有基本约束","不逐字断言样例回显；必要时在后续验收步骤检查结论","规则初筛，未验证断言设计"
"linux-net","net-traceroute-where-broken","2","用 TCP 到指定端口探测","traceroute -T -p 443 -n example.com","ln-traceroute","不建议做","主要是探索、铺垫或只读观察；精确命令、退出码和整课目标已有基本约束","不逐字断言样例回显；必要时在后续验收步骤检查结论","规则初筛，未验证断言设计"
"linux-net","net-port-who-holds-it","1","按端口反查进程","lsof -i:80","ln-lsof","不建议做","主要是探索、铺垫或只读观察；精确命令、退出码和整课目标已有基本约束","不逐字断言样例回显；必要时在后续验收步骤检查结论","规则初筛，未验证断言设计"
"linux-net","net-port-who-holds-it","2","列出全部网络连接","lsof -i -P -n","ln-lsof","不建议做","主要是探索、铺垫或只读观察；精确命令、退出码和整课目标已有基本约束","不逐字断言样例回显；必要时在后续验收步骤检查结论","规则初筛，未验证断言设计"
"linux-net","net-port-who-holds-it","3","反查一个进程打开的网络","lsof -p 12345","ln-lsof","负提升","模拟器明确提示回显/副作用是教学替身；对这段文字加断言会把假状态判成真","保留模拟说明；真机结果用后置状态或人工证据验收","规则初筛，未验证断言设计"
"linux-net","net-port-who-holds-it","4","找已删除但被占用的文件","lsof +L1","ln-lsof","不建议做","主要是探索、铺垫或只读观察；精确命令、退出码和整课目标已有基本约束","不逐字断言样例回显；必要时在后续验收步骤检查结论","规则初筛，未验证断言设计"
"linux-net","net-link-mtu-down","2","看某块网卡的详细信息","ip link show eth0","ln-ip-link","不建议做","主要是探索、铺垫或只读观察；精确命令、退出码和整课目标已有基本约束","不逐字断言样例回显；必要时在后续验收步骤检查结论","规则初筛，未验证断言设计"
"linux-text","lt-top-ip-谁在压站","1","先看清日志长什么样","head -2 /var/log/nginx/access.log","lb-head","不建议做","主要是探索、铺垫或只读观察；精确命令、退出码和整课目标已有基本约束","不逐字断言样例回显；必要时在后续验收步骤检查结论","规则初筛，未验证断言设计"
"linux-text","lt-top-ip-谁在压站","2","把第一列切出来","awk '{print $1}' /var/log/nginx/access.log | head -5","lt-awk","不建议做","主要是探索、铺垫或只读观察；精确命令、退出码和整课目标已有基本约束","不逐字断言样例回显；必要时在后续验收步骤检查结论","规则初筛，未验证断言设计"
"linux-text","lt-top-ip-谁在压站","3","排序后计数","awk '{print $1}' /var/log/nginx/access.log | sort | uniq -c | sort -rn | head -5","lt-nginx-top-ip","不建议做","主要是探索、铺垫或只读观察；精确命令、退出码和整课目标已有基本约束","不逐字断言样例回显；必要时在后续验收步骤检查结论","规则初筛，未验证断言设计"
"linux-text","lt-top-ip-谁在压站","5","把结果落盘留档","awk '{print $1}' /var/log/nginx/access.log | sort | uniq -c | sort -rn | head -5 | awk '{print $2}' > /tmp/top-ip.txt && cat /tmp/top-ip.txt","lt-nginx-top-ip","不建议做","主要是探索、铺垫或只读观察；精确命令、退出码和整课目标已有基本约束","不逐字断言样例回显；必要时在后续验收步骤检查结论","规则初筛，未验证断言设计"
"linux-text","lt-dedupe-large-file-大文件去重","1","先看文件多大、有多少行","ls -lh /data/logs/all-ids.txt && wc -l /data/logs/all-ids.txt","lb-wc","不建议做","主要是探索、铺垫或只读观察；精确命令、退出码和整课目标已有基本约束","不逐字断言样例回显；必要时在后续验收步骤检查结论","规则初筛，未验证断言设计"
"linux-text","lt-dedupe-large-file-大文件去重","3","指定临时目录与内存上限","sort -u -T /data/tmp -S 2G /data/logs/all-ids.txt > /data/logs/uniq-ids.txt && wc -l /data/logs/uniq-ids.txt","lt-dedupe-large-file","不建议做","主要是探索、铺垫或只读观察；精确命令、退出码和整课目标已有基本约束","不逐字断言样例回显；必要时在后续验收步骤检查结论","规则初筛，未验证断言设计"
"linux-text","lt-dedupe-large-file-大文件去重","4","切成分片再各自去重","split -l 5000000 /data/logs/all-ids.txt part- && ls part-* | head -5","lb-split","不建议做","主要是探索、铺垫或只读观察；精确命令、退出码和整课目标已有基本约束","不逐字断言样例回显；必要时在后续验收步骤检查结论","规则初筛，未验证断言设计"
"linux-text","lt-dedupe-large-file-大文件去重","5","把分片结果归并起来","for f in ./part-*; do sort -u -T /data/tmp ""$f"" -o ""$f.u""; done && sort -m -u -T /data/tmp ./part-*.u > /data/logs/uniq-ids.txt && wc -l /data/logs/uniq-ids.txt","lt-dedupe-large-file","不建议做","主要是探索、铺垫或只读观察；精确命令、退出码和整课目标已有基本约束","不逐字断言样例回显；必要时在后续验收步骤检查结论","规则初筛，未验证断言设计"
"linux-text","lt-log-status-distribution","2","把状态码那一列切出来","awk '{print $9}' /var/log/nginx/access.log | head -5","lt-awk","不建议做","主要是探索、铺垫或只读观察；精确命令、退出码和整课目标已有基本约束","不逐字断言样例回显；必要时在后续验收步骤检查结论","规则初筛，未验证断言设计"
"linux-text","lt-log-status-distribution","3","数出各类状态码各多少条","awk '{print $9}' /var/log/nginx/access.log | sort | uniq -c | sort -rn","lt-nginx-status","不建议做","主要是探索、铺垫或只读观察；精确命令、退出码和整课目标已有基本约束","不逐字断言样例回显；必要时在后续验收步骤检查结论","规则初筛，未验证断言设计"
"linux-text","lt-log-status-distribution","4","把 5xx 归因到接口","awk '$9 >= 500 {print $7}' /var/log/nginx/access.log | sort | uniq -c | sort -rn","lt-nginx-status","不建议做","主要是探索、铺垫或只读观察；精确命令、退出码和整课目标已有基本约束","不逐字断言样例回显；必要时在后续验收步骤检查结论","规则初筛，未验证断言设计"
"linux-text","lt-jq-json-fields","2","取一个顶层字段的值","jq -r '.log-driver' /data/iac/files/daemon.json","lt-jq","不建议做","主要是探索、铺垫或只读观察；精确命令、退出码和整课目标已有基本约束","不逐字断言样例回显；必要时在后续验收步骤检查结论","规则初筛，未验证断言设计"
"linux-text","lt-jq-json-fields","3","取数组里的元素","jq -r '.registry-mirrors[]' /data/iac/files/daemon.json","lt-jq","不建议做","主要是探索、铺垫或只读观察；精确命令、退出码和整课目标已有基本约束","不逐字断言样例回显；必要时在后续验收步骤检查结论","规则初筛，未验证断言设计"
"linux-text","lt-jq-json-fields","4","用紧凑模式看整体","jq -c . /data/iac/files/daemon.json","lt-jq","不建议做","主要是探索、铺垫或只读观察；精确命令、退出码和整课目标已有基本约束","不逐字断言样例回显；必要时在后续验收步骤检查结论","规则初筛，未验证断言设计"
"linux-user","lu-who-and-where","1","看我是谁","id","lu-id","不建议做","主要是探索、铺垫或只读观察；精确命令、退出码和整课目标已有基本约束","不逐字断言样例回显；必要时在后续验收步骤检查结论","规则初筛，未验证断言设计"
"linux-user","lu-who-and-where","2","看机器叫什么","hostnamectl","lu-hostnamectl","不建议做","主要是探索、铺垫或只读观察；精确命令、退出码和整课目标已有基本约束","不逐字断言样例回显；必要时在后续验收步骤检查结论","规则初筛，未验证断言设计"
"linux-user","lu-who-and-where","3","看内核版本","uname -r","lu-uname","不建议做","主要是探索、铺垫或只读观察；精确命令、退出码和整课目标已有基本约束","不逐字断言样例回显；必要时在后续验收步骤检查结论","规则初筛，未验证断言设计"
"linux-user","lu-who-and-where","4","看开机多久了","uptime","lu-uptime","不建议做","主要是探索、铺垫或只读观察；精确命令、退出码和整课目标已有基本约束","不逐字断言样例回显；必要时在后续验收步骤检查结论","规则初筛，未验证断言设计"
"linux-user","lu-who-and-where","5","看谁在这台机器上","w","lu-w","不建议做","主要是探索、铺垫或只读观察；精确命令、退出码和整课目标已有基本约束","不逐字断言样例回显；必要时在后续验收步骤检查结论","规则初筛，未验证断言设计"
"linux-net","net-basic-reachability","2","看默认网关是谁","ip route","ln-ip-addr","不建议做","主要是探索、铺垫或只读观察；精确命令、退出码和整课目标已有基本约束","不逐字断言样例回显；必要时在后续验收步骤检查结论","规则初筛，未验证断言设计"
"docker","dk-ps-all","1","先看不加参数的 ps","docker ps","dk-ps","不建议做","主要是探索、铺垫或只读观察；精确命令、退出码和整课目标已有基本约束","不逐字断言样例回显；必要时在后续验收步骤检查结论","规则初筛，未验证断言设计"
"docker","dk-ps-all","2","加上 -a 看全部容器","docker ps -a","dk-ps","不建议做","主要是探索、铺垫或只读观察；精确命令、退出码和整课目标已有基本约束","不逐字断言样例回显；必要时在后续验收步骤检查结论","规则初筛，未验证断言设计"
"docker","dk-logs","2","看最后 100 行日志","docker logs --tail 100 web","dk-logs","不建议做","主要是探索、铺垫或只读观察；精确命令、退出码和整课目标已有基本约束","不逐字断言样例回显；必要时在后续验收步骤检查结论","规则初筛，未验证断言设计"
"docker","dk-exitcode","1","先看它是怎么退出的","docker ps -a","dk-ps","不建议做","主要是探索、铺垫或只读观察；精确命令、退出码和整课目标已有基本约束","不逐字断言样例回显；必要时在后续验收步骤检查结论","规则初筛，未验证断言设计"
"docker","dk-exitcode","2","精确取出关键状态","docker inspect --format ""{{.State.ExitCode}} {{.State.OOMKilled}} {{.RestartCount}}"" old-web","dk-inspect","不建议做","主要是探索、铺垫或只读观察；精确命令、退出码和整课目标已有基本约束","不逐字断言样例回显；必要时在后续验收步骤检查结论","规则初筛，未验证断言设计"
"docker","dk-inspect-net","1","看有哪些网络","docker network ls","dk-network-ls","不建议做","主要是探索、铺垫或只读观察；精确命令、退出码和整课目标已有基本约束","不逐字断言样例回显；必要时在后续验收步骤检查结论","规则初筛，未验证断言设计"
"docker","dk-inspect-net","2","看 mynet 的网段","docker network inspect mynet","dk-network-inspect","不建议做","主要是探索、铺垫或只读观察；精确命令、退出码和整课目标已有基本约束","不逐字断言样例回显；必要时在后续验收步骤检查结论","规则初筛，未验证断言设计"
"docker","dk-inspect-net","3","在容器里验证连通性","docker exec web env","dk-exec","负提升","模拟器明确提示回显/副作用是教学替身；对这段文字加断言会把假状态判成真","保留模拟说明；真机结果用后置状态或人工证据验收","规则初筛，未验证断言设计"
"kubernetes","k8s-describe","2","看详细事件","kubectl describe pod batch-job-28471920-x7klm -n my-app","k8s-describe","不建议做","主要是探索、铺垫或只读观察；精确命令、退出码和整课目标已有基本约束","不逐字断言样例回显；必要时在后续验收步骤检查结论","规则初筛，未验证断言设计"
"kubernetes","k8s-logs-prev","1","先看当前容器的日志","kubectl logs worker-6b8f7c9d4-m2vqt -n my-app","k8s-logs","不建议做","主要是探索、铺垫或只读观察；精确命令、退出码和整课目标已有基本约束","不逐字断言样例回显；必要时在后续验收步骤检查结论","规则初筛，未验证断言设计"
"kubernetes","k8s-logs-prev","2","看上一个实例的日志","kubectl logs worker-6b8f7c9d4-m2vqt --previous -n my-app","k8s-logs","不建议做","主要是探索、铺垫或只读观察；精确命令、退出码和整课目标已有基本约束","不逐字断言样例回显；必要时在后续验收步骤检查结论","规则初筛，未验证断言设计"
"kubernetes","k8s-endpoints","1","先看 Service 本身","kubectl get svc -n my-app","k8s-get","不建议做","主要是探索、铺垫或只读观察；精确命令、退出码和整课目标已有基本约束","不逐字断言样例回显；必要时在后续验收步骤检查结论","规则初筛，未验证断言设计"
"kubernetes","k8s-endpoints","2","看背后的 endpoints","kubectl get endpoints -n my-app","k8s-get","不建议做","主要是探索、铺垫或只读观察；精确命令、退出码和整课目标已有基本约束","不逐字断言样例回显；必要时在后续验收步骤检查结论","规则初筛，未验证断言设计"
"kubernetes","k8s-events","1","先看所有事件","kubectl get events -A","k8s-get-events","不建议做","主要是探索、铺垫或只读观察；精确命令、退出码和整课目标已有基本约束","不逐字断言样例回显；必要时在后续验收步骤检查结论","规则初筛，未验证断言设计"
"kubernetes","k8s-events","2","按时间排序","kubectl get events -A --sort-by=.lastTimestamp","k8s-get-events","不建议做","主要是探索、铺垫或只读观察；精确命令、退出码和整课目标已有基本约束","不逐字断言样例回显；必要时在后续验收步骤检查结论","规则初筛，未验证断言设计"
"kubernetes","k8s-nodes","2","看更多节点细节","kubectl get nodes -o wide","k8s-get-nodes","不建议做","主要是探索、铺垫或只读观察；精确命令、退出码和整课目标已有基本约束","不逐字断言样例回显；必要时在后续验收步骤检查结论","规则初筛，未验证断言设计"
"helm","hl-release-inventory","2","列出所有命名空间的 release","helm list -A","hl-list","不建议做","主要是探索、铺垫或只读观察；精确命令、退出码和整课目标已有基本约束","不逐字断言样例回显；必要时在后续验收步骤检查结论","规则初筛，未验证断言设计"
"helm","hl-release-inventory","3","感受默认命名空间的坑","helm list","hl-list","不建议做","主要是探索、铺垫或只读观察；精确命令、退出码和整课目标已有基本约束","不逐字断言样例回显；必要时在后续验收步骤检查结论","规则初筛，未验证断言设计"
"helm","hl-release-inventory","4","看单个命名空间","helm list -n my-app","hl-list","不建议做","主要是探索、铺垫或只读观察；精确命令、退出码和整课目标已有基本约束","不逐字断言样例回显；必要时在后续验收步骤检查结论","规则初筛，未验证断言设计"
"helm","hl-release-inventory","5","看它的版本历史","helm history myapp","hl-history","不建议做","主要是探索、铺垫或只读观察；精确命令、退出码和整课目标已有基本约束","不逐字断言样例回显；必要时在后续验收步骤检查结论","规则初筛，未验证断言设计"
"helm","hl-release-inventory","6","回滚到上一版","helm rollback myapp 3","hl-rollback","不建议做","主要是探索、铺垫或只读观察；精确命令、退出码和整课目标已有基本约束","不逐字断言样例回显；必要时在后续验收步骤检查结论","规则初筛，未验证断言设计"
"helm","hl-template-before-install","1","先在仓库里找到 chart","helm search repo web","hl-repo-search","不建议做","主要是探索、铺垫或只读观察；精确命令、退出码和整课目标已有基本约束","不逐字断言样例回显；必要时在后续验收步骤检查结论","规则初筛，未验证断言设计"
"helm","hl-template-before-install","2","本地渲染出清单","helm template myorg/web","hl-template","不建议做","主要是探索、铺垫或只读观察；精确命令、退出码和整课目标已有基本约束","不逐字断言样例回显；必要时在后续验收步骤检查结论","规则初筛，未验证断言设计"
"helm","hl-template-before-install","3","换名字再改副本数","helm template canary myorg/web --set replicaCount=1","hl-template","不建议做","主要是探索、铺垫或只读观察；精确命令、退出码和整课目标已有基本约束","不逐字断言样例回显；必要时在后续验收步骤检查结论","规则初筛，未验证断言设计"
"helm","hl-template-before-install","4","只挑关键行看","helm template canary myorg/web --set replicaCount=1 | grep -E ""kind:|replicas:|image:""","hl-template","不建议做","主要是探索、铺垫或只读观察；精确命令、退出码和整课目标已有基本约束","不逐字断言样例回显；必要时在后续验收步骤检查结论","规则初筛，未验证断言设计"
"helm","hl-template-before-install","5","干跑一次安装","helm install canary myorg/web -n my-app --set replicaCount=1 --dry-run | head -6","hl-install","不建议做","主要是探索、铺垫或只读观察；精确命令、退出码和整课目标已有基本约束","不逐字断言样例回显；必要时在后续验收步骤检查结论","规则初筛，未验证断言设计"
"kubernetes","k8s-pod-dns-broken","1","看容器里的 DNS 配置","kubectl exec worker-6b8f7c9d4-m2vqt -n my-app -- cat /etc/resolv.conf","k8s-exec-dns","不建议做","主要是探索、铺垫或只读观察；精确命令、退出码和整课目标已有基本约束","不逐字断言样例回显；必要时在后续验收步骤检查结论","规则初筛，未验证断言设计"
"kubernetes","k8s-pod-dns-broken","3","看服务背后有没有 Pod","kubectl get endpoints -n my-app","k8s-endpointslices","不建议做","主要是探索、铺垫或只读观察；精确命令、退出码和整课目标已有基本约束","不逐字断言样例回显；必要时在后续验收步骤检查结论","规则初筛，未验证断言设计"
"kubernetes","k8s-rollout-verify","2","看清有哪些版本可退","kubectl rollout history deploy/web -n my-app","k8s-rollout","不建议做","主要是探索、铺垫或只读观察；精确命令、退出码和整课目标已有基本约束","不逐字断言样例回显；必要时在后续验收步骤检查结论","规则初筛，未验证断言设计"
"kubernetes","k8s-rollout-verify","3","退回指定版本","kubectl rollout undo deploy/web --to-revision=3 -n my-app","k8s-rollout","不建议做","主要是探索、铺垫或只读观察；精确命令、退出码和整课目标已有基本约束","不逐字断言样例回显；必要时在后续验收步骤检查结论","规则初筛，未验证断言设计"
"kubernetes","k8s-rollout-verify","4","不改镜像也让 Pod 重建","kubectl rollout restart deploy/web -n my-app","k8s-rollout","不建议做","主要是探索、铺垫或只读观察；精确命令、退出码和整课目标已有基本约束","不逐字断言样例回显；必要时在后续验收步骤检查结论","规则初筛，未验证断言设计"
"kubernetes","k8s-secret-not-in-yaml","2","看它的存储形态","kubectl get secret db-secret -n my-app -o yaml | head -20","k8s-create-secret-generic","不建议做","主要是探索、铺垫或只读观察；精确命令、退出码和整课目标已有基本约束","不逐字断言样例回显；必要时在后续验收步骤检查结论","规则初筛，未验证断言设计"
"kubernetes","k8s-secret-not-in-yaml","3","取出真实值验证","kubectl get secret db-secret -n my-app -o jsonpath='{.data.password}' | base64 -d","k8s-create-secret-generic","负提升","模拟器回显明文密钥，继续断言它会鼓励在终端或记录中暴露凭证","改为真实测试环境的权限与审计核验","逐步复核，模拟器实跑"
"kubernetes","k8s-sa-token-permission","2","取一个令牌","kubectl create token app-sa -n my-app","k8s-create-token","负提升","令牌是固定教学回显，不是可验证的短期凭证","真实集群检查过期时间、受众和最小权限","逐步复核，模拟器实跑"
"kubernetes","k8s-sa-token-permission","3","用它的身份问集群","kubectl auth can-i get pods --as=system:serviceaccount:my-app:app-sa -n my-app","k8s-auth-can-i","不建议做","主要是探索、铺垫或只读观察；精确命令、退出码和整课目标已有基本约束","不逐字断言样例回显；必要时在后续验收步骤检查结论","规则初筛，未验证断言设计"
"kubernetes","k8s-sa-token-permission","4","看令牌里带了什么","kubectl create token app-sa -n my-app -o yaml","k8s-create-token","负提升","TokenRequest 是静态示例，不能证明实际签发或权限范围","用真实测试集群核对请求与授权","逐步复核，模拟器实跑"
"kubernetes","k8s-node-pressure","2","按 CPU 排序","kubectl top node --sort-by=cpu -l node-role.kubernetes.io/worker=","k8s-top-node-sort","不建议做","主要是探索、铺垫或只读观察；精确命令、退出码和整课目标已有基本约束","不逐字断言样例回显；必要时在后续验收步骤检查结论","规则初筛，未验证断言设计"
"kubernetes","k8s-node-pressure","3","看已分配出去的 requests","kubectl describe node 10.0.1.23 | grep -A10 -i ""allocated resources""","k8s-top-node-sort","不建议做","主要是探索、铺垫或只读观察；精确命令、退出码和整课目标已有基本约束","不逐字断言样例回显；必要时在后续验收步骤检查结论","规则初筛，未验证断言设计"
"kubernetes","k8s-events-timeline","1","看这个 Pod 的事件","kubectl get events -n my-app --field-selector involvedObject.name=worker-6b8f7c9d4-m2vqt --sort-by=.lastTimestamp","k8s-events-involved-object","不建议做","主要是探索、铺垫或只读观察；精确命令、退出码和整课目标已有基本约束","不逐字断言样例回显；必要时在后续验收步骤检查结论","规则初筛，未验证断言设计"
"kubernetes","k8s-events-timeline","2","只看报警告的","kubectl get events -n my-app --field-selector type=Warning --sort-by=.lastTimestamp | tail -20","k8s-events-involved-object","不建议做","主要是探索、铺垫或只读观察；精确命令、退出码和整课目标已有基本约束","不逐字断言样例回显；必要时在后续验收步骤检查结论","规则初筛，未验证断言设计"
"kubernetes","k8s-events-timeline","3","跨命名空间追一条存储问题","kubectl get events -A --field-selector involvedObject.name=logs-pvc --sort-by=.lastTimestamp","k8s-events-involved-object","不建议做","主要是探索、铺垫或只读观察；精确命令、退出码和整课目标已有基本约束","不逐字断言样例回显；必要时在后续验收步骤检查结论","规则初筛，未验证断言设计"
"kubernetes","k8s-jsonpath-for-scripts","1","只取名字与状态","kubectl get pods -o jsonpath='{range .items[*]}{.metadata.name}{""\t""}{.status.phase}{""\n""}{end}'","k8s-jsonpath","不建议做","主要是探索、铺垫或只读观察；精确命令、退出码和整课目标已有基本约束","不逐字断言样例回显；必要时在后续验收步骤检查结论","规则初筛，未验证断言设计"
"kubernetes","k8s-jsonpath-for-scripts","2","改用表格挑列","kubectl get pods -o custom-columns=NAME:.metadata.name,NODE:.spec.nodeName,IP:.status.podIP","k8s-jsonpath","不建议做","主要是探索、铺垫或只读观察；精确命令、退出码和整课目标已有基本约束","不逐字断言样例回显；必要时在后续验收步骤检查结论","规则初筛，未验证断言设计"
"kubernetes","k8s-jsonpath-for-scripts","3","取单个值","kubectl get svc my-svc -o jsonpath='{.spec.clusterIP}'","k8s-jsonpath","不建议做","主要是探索、铺垫或只读观察；精确命令、退出码和整课目标已有基本约束","不逐字断言样例回显；必要时在后续验收步骤检查结论","规则初筛，未验证断言设计"
"kubernetes","k8s-jsonpath-for-scripts","4","取出来再解码","kubectl get secret my-secret -o jsonpath='{.data.password}' | base64 -d","k8s-jsonpath","不建议做","主要是探索、铺垫或只读观察；精确命令、退出码和整课目标已有基本约束","不逐字断言样例回显；必要时在后续验收步骤检查结论","规则初筛，未验证断言设计"
"kubernetes","k8s-taint-scheduling","2","给节点打污点","kubectl taint nodes 10.0.1.11 dedicated=db:NoSchedule","k8s-taint","负提升","模拟器明确提示回显/副作用是教学替身；对这段文字加断言会把假状态判成真","保留模拟说明；真机结果用后置状态或人工证据验收","规则初筛，未验证断言设计"
"kubernetes","k8s-taint-scheduling","4","演练如何移除","kubectl taint nodes 10.0.1.11 dedicated=db:NoSchedule-","k8s-taint","负提升","模拟器明确提示回显/副作用是教学替身；对这段文字加断言会把假状态判成真","保留模拟说明；真机结果用后置状态或人工证据验收","规则初筛，未验证断言设计"
"docker","dk-which-container-eats","2","只取要汇报的字段","docker stats --no-stream --format ""{{.Name}} CPU={{.CPUPerc}} MEM={{.MemUsage}}""","dk-stats","不建议做","主要是探索、铺垫或只读观察；精确命令、退出码和整课目标已有基本约束","不逐字断言样例回显；必要时在后续验收步骤检查结论","规则初筛，未验证断言设计"
"docker","dk-container-keeps-restarting","2","看这个容器的生命周期事件","docker events --since 2h --until 10m --filter container=web","dk-events","不建议做","主要是探索、铺垫或只读观察；精确命令、退出码和整课目标已有基本约束","不逐字断言样例回显；必要时在后续验收步骤检查结论","规则初筛，未验证断言设计"
"docker","dk-container-keeps-restarting","3","只看非正常退出","docker events --filter event=die --filter event=oom","dk-events","不建议做","主要是探索、铺垫或只读观察；精确命令、退出码和整课目标已有基本约束","不逐字断言样例回显；必要时在后续验收步骤检查结论","规则初筛，未验证断言设计"
"docker","dk-container-keeps-restarting","4","再看一次日志（这次带上前一次的）","docker logs --tail 50 web","dk-logs","不建议做","主要是探索、铺垫或只读观察；精确命令、退出码和整课目标已有基本约束","不逐字断言样例回显；必要时在后续验收步骤检查结论","规则初筛，未验证断言设计"
"docker","dk-disk-eaten-by-docker","1","看它的用量账本","docker system df","dk-system-prune","不建议做","主要是探索、铺垫或只读观察；精确命令、退出码和整课目标已有基本约束","不逐字断言样例回显；必要时在后续验收步骤检查结论","规则初筛，未验证断言设计"
"docker","dk-disk-eaten-by-docker","2","看镜像清单","docker images","dk-images","不建议做","主要是探索、铺垫或只读观察；精确命令、退出码和整课目标已有基本约束","不逐字断言样例回显；必要时在后续验收步骤检查结论","规则初筛，未验证断言设计"
"docker","dk-disk-eaten-by-docker","4","看清理会做什么（不真删）","docker system prune","dk-system-prune","负提升","模拟器明确提示回显/副作用是教学替身；对这段文字加断言会把假状态判成真","保留模拟说明；真机结果用后置状态或人工证据验收","规则初筛，未验证断言设计"
"docker","dk-compose-service-down","2","连已退出的一起看","docker compose ps -a","dk-compose-ps","不建议做","主要是探索、铺垫或只读观察；精确命令、退出码和整课目标已有基本约束","不逐字断言样例回显；必要时在后续验收步骤检查结论","规则初筛，未验证断言设计"
"docker","dk-compose-service-down","3","看那个服务的日志","docker compose logs --since 5m db","dk-compose-logs","不建议做","主要是探索、铺垫或只读观察；精确命令、退出码和整课目标已有基本约束","不逐字断言样例回显；必要时在后续验收步骤检查结论","规则初筛，未验证断言设计"
"docker","dk-volume-outlives-container","1","列出所有数据卷","docker volume ls","dk-volume-ls","不建议做","主要是探索、铺垫或只读观察；精确命令、退出码和整课目标已有基本约束","不逐字断言样例回显；必要时在后续验收步骤检查结论","规则初筛，未验证断言设计"
"docker","dk-volume-outlives-container","3","数一下有多少个卷","docker volume ls -q | wc -l","dk-volume-ls","不建议做","主要是探索、铺垫或只读观察；精确命令、退出码和整课目标已有基本约束","不逐字断言样例回显；必要时在后续验收步骤检查结论","规则初筛，未验证断言设计"
"docker","dk-volume-outlives-container","4","看清理会做什么（不真删）","docker volume prune -f","dk-volume-rm","负提升","模拟器明确提示回显/副作用是教学替身；对这段文字加断言会把假状态判成真","保留模拟说明；真机结果用后置状态或人工证据验收","规则初筛，未验证断言设计"
"docker","dk-custom-network-alias","1","先看有哪些网络","docker network ls","dk-network-create","不建议做","主要是探索、铺垫或只读观察；精确命令、退出码和整课目标已有基本约束","不逐字断言样例回显；必要时在后续验收步骤检查结论","规则初筛，未验证断言设计"
"docker","dk-custom-network-alias","2","创建自定义网络","docker network create appnet","dk-network-create","不建议做","主要是探索、铺垫或只读观察；精确命令、退出码和整课目标已有基本约束","不逐字断言样例回显；必要时在后续验收步骤检查结论","规则初筛，未验证断言设计"
"docker","dk-custom-network-alias","3","把容器接进去并起别名","docker network connect --alias mysql appnet mysql8","dk-network-connect","不建议做","主要是探索、铺垫或只读观察；精确命令、退出码和整课目标已有基本约束","不逐字断言样例回显；必要时在后续验收步骤检查结论","规则初筛，未验证断言设计"
"kubernetes","k8s-node-maintenance","1","先看节点上的 Pod","kubectl get pods -A -o wide --field-selector spec.nodeName=10.0.1.23","k8s-pods-by-node","不建议做","主要是探索、铺垫或只读观察；精确命令、退出码和整课目标已有基本约束","不逐字断言样例回显；必要时在后续验收步骤检查结论","规则初筛，未验证断言设计"
"kubernetes","k8s-node-maintenance","2","标记为不可调度","kubectl cordon 10.0.1.23","k8s-cordon","不建议做","主要是探索、铺垫或只读观察；精确命令、退出码和整课目标已有基本约束","不逐字断言样例回显；必要时在后续验收步骤检查结论","规则初筛，未验证断言设计"
"kubernetes","k8s-node-maintenance","3","预演一次驱逐","kubectl drain 10.0.1.23 --ignore-daemonsets --dry-run=client","k8s-drain","负提升","模拟器明确提示回显/副作用是教学替身；对这段文字加断言会把假状态判成真","保留模拟说明；真机结果用后置状态或人工证据验收","规则初筛，未验证断言设计"
"kubernetes","k8s-node-maintenance","4","真正驱逐","kubectl drain 10.0.1.23 --ignore-daemonsets --delete-emptydir-data","k8s-drain","负提升","模拟器明确提示回显/副作用是教学替身；对这段文字加断言会把假状态判成真","保留模拟说明；真机结果用后置状态或人工证据验收","规则初筛，未验证断言设计"
"kubernetes","k8s-node-maintenance","5","维护完恢复调度","kubectl uncordon 10.0.1.23","k8s-cordon","不建议做","主要是探索、铺垫或只读观察；精确命令、退出码和整课目标已有基本约束","不逐字断言样例回显；必要时在后续验收步骤检查结论","规则初筛，未验证断言设计"
"kubernetes","k8s-urgent-scale-and-image","2","在线扩容","kubectl scale deploy/web --replicas=5 -n my-app","k8s-scale","不建议做","主要是探索、铺垫或只读观察；精确命令、退出码和整课目标已有基本约束","不逐字断言样例回显；必要时在后续验收步骤检查结论","规则初筛，未验证断言设计"
"kubernetes","k8s-urgent-scale-and-image","3","换掉镜像","kubectl set image deploy/web web=nginx:1.25 -n my-app","k8s-set-image","不建议做","主要是探索、铺垫或只读观察；精确命令、退出码和整课目标已有基本约束","不逐字断言样例回显；必要时在后续验收步骤检查结论","规则初筛，未验证断言设计"
"kubernetes","k8s-diff-before-apply","2","对照集群里的实际对象","kubectl diff -f /data/k8s/deploy.yaml || echo ""（退出码 $? = 有差异）""","k8s-diff","负提升","模拟器明确提示回显/副作用是教学替身；对这段文字加断言会把假状态判成真","保留模拟说明；真机结果用后置状态或人工证据验收","规则初筛，未验证断言设计"
"kubernetes","k8s-diff-before-apply","3","干跑一次提交","kubectl apply -f /data/k8s/deploy.yaml --dry-run=client -o yaml","k8s-apply","负提升","模拟器明确提示回显/副作用是教学替身；对这段文字加断言会把假状态判成真","保留模拟说明；真机结果用后置状态或人工证据验收","规则初筛，未验证断言设计"
"kubernetes","k8s-port-forward-no-expose","1","转发一个 Service 的端口","kubectl port-forward svc/mysql 3306:3306 -n my-app","k8s-port-forward","负提升","模拟器明确提示回显/副作用是教学替身；对这段文字加断言会把假状态判成真","保留模拟说明；真机结果用后置状态或人工证据验收","规则初筛，未验证断言设计"
"kubernetes","k8s-port-forward-no-expose","2","转发一个工作负载","kubectl port-forward deploy/web 8080:80","k8s-port-forward","负提升","模拟器明确提示回显/副作用是教学替身；对这段文字加断言会把假状态判成真","保留模拟说明；真机结果用后置状态或人工证据验收","规则初筛，未验证断言设计"
"kubernetes","k8s-port-forward-no-expose","3","转发到指定 Pod 的调试端口","kubectl port-forward pod/my-pod 5005:5005","k8s-port-forward","负提升","模拟器明确提示回显/副作用是教学替身；对这段文字加断言会把假状态判成真","保留模拟说明；真机结果用后置状态或人工证据验收","规则初筛，未验证断言设计"
"kubernetes","k8s-pod-running-but-broken","1","看各项状态条件","kubectl get pod worker-6b8f7c9d4-m2vqt -n my-app -o jsonpath='{range .status.conditions[*]}{.type}={.status}{""\n""}{end}'","k8s-pod-status-conditions","负提升","模拟器忽略 jsonpath，返回的是普通表格","先修复 jsonpath 仿真再添加字段断言","逐步复核，模拟器实跑"
"kubernetes","k8s-pod-running-but-broken","2","看重启次数","kubectl get pod worker-6b8f7c9d4-m2vqt -n my-app -o jsonpath='{.status.containerStatuses[*].restartCount}'","k8s-pod-status-conditions","不建议做","主要是探索、铺垫或只读观察；精确命令、退出码和整课目标已有基本约束","不逐字断言样例回显；必要时在后续验收步骤检查结论","规则初筛，未验证断言设计"
"kubernetes","k8s-pod-running-but-broken","3","看上一次退出的原因","kubectl get pod worker-6b8f7c9d4-m2vqt -n my-app -o jsonpath='{.status.containerStatuses[*].lastState.terminated.reason}'","k8s-pod-status-conditions","负提升","模拟器忽略 jsonpath，返回的是普通表格","先修复 jsonpath 仿真再添加字段断言","逐步复核，模拟器实跑"
"kubernetes","k8s-annotate-change-cause","1","给工作负载加一条说明","kubectl annotate deploy web description=""订单服务，负责人 张三"" -n my-app --overwrite","k8s-annotate","负提升","模拟器明确提示回显/副作用是教学替身；对这段文字加断言会把假状态判成真","保留模拟说明；真机结果用后置状态或人工证据验收","规则初筛，未验证断言设计"
"kubernetes","k8s-annotate-change-cause","2","给入口加一条控制注解","kubectl annotate ingress web nginx.ingress.kubernetes.io/rewrite-target=/ -n my-app","k8s-annotate","负提升","模拟器明确提示回显/副作用是教学替身；对这段文字加断言会把假状态判成真","保留模拟说明；真机结果用后置状态或人工证据验收","规则初筛，未验证断言设计"
"kubernetes","k8s-annotate-change-cause","3","回读确认","kubectl get ingress web -n my-app -o jsonpath='{.metadata.annotations}'","k8s-annotate","负提升","前面的 annotate 不保存集群状态，此处读出的还是旧注解","在有状态测试集群核对写入后的键和值","逐步复核，模拟器实跑"
"kubernetes","k8s-label-scheduling","1","看节点现在有哪些标签","kubectl get nodes --show-labels","k8s-get-nodes-label","不建议做","主要是探索、铺垫或只读观察；精确命令、退出码和整课目标已有基本约束","不逐字断言样例回显；必要时在后续验收步骤检查结论","规则初筛，未验证断言设计"
"kubernetes","k8s-label-scheduling","2","给节点打一个自定义标签","kubectl label node 10.0.1.24 disktype=ssd","k8s-label","负提升","模拟器明确提示回显/副作用是教学替身；对这段文字加断言会把假状态判成真","保留模拟说明；真机结果用后置状态或人工证据验收","规则初筛，未验证断言设计"
"kubernetes","k8s-label-scheduling","3","按标签筛选节点","kubectl get nodes -l disktype=ssd -o wide","k8s-get-nodes-label","负提升","前面的 label 不保存集群状态，此处仍显示 No resources found","先实现状态转移再自动判节点筛选结果","逐步复核，模拟器实跑"
"kubernetes","k8s-label-scheduling","4","按 K8s 自带的标签筛","kubectl get nodes -l topology.kubernetes.io/zone=cn-north-4a","k8s-get-nodes-label","不建议做","主要是探索、铺垫或只读观察；精确命令、退出码和整课目标已有基本约束","不逐字断言样例回显；必要时在后续验收步骤检查结论","规则初筛，未验证断言设计"
"kubernetes","k8s-label-scheduling","5","删除一个标签","kubectl label pod web-7d9c4b8f5-2xk9p env- -n my-app","k8s-label","负提升","模拟器明确提示回显/副作用是教学替身；对这段文字加断言会把假状态判成真","保留模拟说明；真机结果用后置状态或人工证据验收","规则初筛，未验证断言设计"
"kubernetes","k8s-copy-files-in-out","1","从容器取文件到本地","kubectl cp my-app/my-pod:/var/log/app.log ./app.log","k8s-cp","负提升","模拟器明确提示回显/副作用是教学替身；对这段文字加断言会把假状态判成真","保留模拟说明；真机结果用后置状态或人工证据验收","规则初筛，未验证断言设计"
"kubernetes","k8s-copy-files-in-out","2","把文件放进容器","kubectl cp ./config.yaml my-app/my-pod:/tmp/config.yaml","k8s-cp","负提升","模拟器明确提示回显/副作用是教学替身；对这段文字加断言会把假状态判成真","保留模拟说明；真机结果用后置状态或人工证据验收","规则初筛，未验证断言设计"
"kubernetes","k8s-copy-files-in-out","3","指定多容器 Pod 里的某一个","kubectl cp my-app/my-pod:/data ./backup -c app","k8s-cp","负提升","模拟器明确提示回显/副作用是教学替身；对这段文字加断言会把假状态判成真","保留模拟说明；真机结果用后置状态或人工证据验收","规则初筛，未验证断言设计"
"kubernetes","k8s-who-am-i","1","确认当前上下文","kubectl config current-context && kubectl auth whoami","k8s-auth-whoami","负提升","模拟器明确提示回显/副作用是教学替身；对这段文字加断言会把假状态判成真","保留模拟说明；真机结果用后置状态或人工证据验收","规则初筛，未验证断言设计"
"kubernetes","k8s-who-am-i","2","看身份的详细信息","kubectl auth whoami -o yaml","k8s-auth-whoami","不建议做","主要是探索、铺垫或只读观察；精确命令、退出码和整课目标已有基本约束","不逐字断言样例回显；必要时在后续验收步骤检查结论","规则初筛，未验证断言设计"
"kubernetes","k8s-who-am-i","3","列出全部权限清单","kubectl auth can-i --list -n my-app","k8s-auth-can-i","负提升","模拟器明确提示回显/副作用是教学替身；对这段文字加断言会把假状态判成真","保留模拟说明；真机结果用后置状态或人工证据验收","规则初筛，未验证断言设计"
"kubernetes","k8s-namespace-context","1","看有哪些命名空间","kubectl get ns","k8s-create-namespace","不建议做","主要是探索、铺垫或只读观察；精确命令、退出码和整课目标已有基本约束","不逐字断言样例回显；必要时在后续验收步骤检查结论","规则初筛，未验证断言设计"
"kubernetes","k8s-namespace-context","2","把默认命名空间切过去","kubectl config set-context --current --namespace=my-app","k8s-create-namespace","负提升","模拟器明确提示回显/副作用是教学替身；对这段文字加断言会把假状态判成真","保留模拟说明；真机结果用后置状态或人工证据验收","规则初筛，未验证断言设计"
"kubernetes","k8s-namespace-context","3","按结构化方式列出命名空间","kubectl get ns -o jsonpath='{range .items[*]}{.metadata.name}{""\n""}{end}'","k8s-jsonpath","不建议做","主要是探索、铺垫或只读观察；精确命令、退出码和整课目标已有基本约束","不逐字断言样例回显；必要时在后续验收步骤检查结论","规则初筛，未验证断言设计"
"docker","dk-stop-graceful-vs-kill","1","优雅停止","docker stop web","dk-stop","负提升","模拟器明确提示回显/副作用是教学替身；对这段文字加断言会把假状态判成真","保留模拟说明；真机结果用后置状态或人工证据验收","规则初筛，未验证断言设计"
"docker","dk-stop-graceful-vs-kill","2","给数据库更长的收尾时间","docker stop -t 60 mysql8","dk-stop","负提升","模拟器明确提示回显/副作用是教学替身；对这段文字加断言会把假状态判成真","保留模拟说明；真机结果用后置状态或人工证据验收","规则初筛，未验证断言设计"
"docker","dk-stop-graceful-vs-kill","3","重启容器","docker restart web","dk-restart","负提升","模拟器明确提示回显/副作用是教学替身；对这段文字加断言会把假状态判成真","保留模拟说明；真机结果用后置状态或人工证据验收","规则初筛，未验证断言设计"
"docker","dk-stop-graceful-vs-kill","4","直接发信号强杀","docker kill web","dk-kill","负提升","模拟器明确提示回显/副作用是教学替身；对这段文字加断言会把假状态判成真","保留模拟说明；真机结果用后置状态或人工证据验收","规则初筛，未验证断言设计"
"docker","dk-stop-graceful-vs-kill","5","发指定信号而不是强杀","docker kill -s SIGHUP web","dk-kill","负提升","模拟器明确提示回显/副作用是教学替身；对这段文字加断言会把假状态判成真","保留模拟说明；真机结果用后置状态或人工证据验收","规则初筛，未验证断言设计"
"docker","dk-remove-container-and-image","1","先看有哪些已退出的容器","docker ps -a","dk-ps","不建议做","主要是探索、铺垫或只读观察；精确命令、退出码和整课目标已有基本约束","不逐字断言样例回显；必要时在后续验收步骤检查结论","规则初筛，未验证断言设计"
"docker","dk-remove-container-and-image","2","删掉一个已退出的容器","docker rm web","dk-rm","负提升","模拟器明确提示回显/副作用是教学替身；对这段文字加断言会把假状态判成真","保留模拟说明；真机结果用后置状态或人工证据验收","规则初筛，未验证断言设计"
"docker","dk-remove-container-and-image","3","连匿名卷一起删","docker rm -v old-mysql","dk-rm","负提升","模拟器明确提示回显/副作用是教学替身；对这段文字加断言会把假状态判成真","保留模拟说明；真机结果用后置状态或人工证据验收","规则初筛，未验证断言设计"
"docker","dk-remove-container-and-image","4","删一个不再使用的镜像","docker rmi nginx:1.25","dk-rmi","负提升","模拟器明确提示回显/副作用是教学替身；对这段文字加断言会把假状态判成真","保留模拟说明；真机结果用后置状态或人工证据验收","规则初筛，未验证断言设计"
"docker","dk-remove-container-and-image","5","先看清楚哪些是悬空镜像","docker images -f dangling=true","dk-images","不建议做","主要是探索、铺垫或只读观察；精确命令、退出码和整课目标已有基本约束","不逐字断言样例回显；必要时在后续验收步骤检查结论","规则初筛，未验证断言设计"
"docker","dk-remove-container-and-image","6","确认清单没问题","docker images -f dangling=true -q","dk-images","不建议做","静态列表只能说明仿真样例里有悬空镜像，不能证明清理结果","保留人工确认资源与磁盘占用","逐步复核，模拟器实跑"
"docker","dk-compose-validate-then-up","3","叠加环境差异文件后再校验","docker compose -f docker-compose.yml -f docker-compose.prod.yml config","dk-compose-config","负提升","模拟器明确提示回显/副作用是教学替身；对这段文字加断言会把假状态判成真","保留模拟说明；真机结果用后置状态或人工证据验收","规则初筛，未验证断言设计"
"docker","dk-compose-validate-then-up","4","后台启动并重建改动过的","docker compose up -d --build web","dk-compose-up","不建议做","主要是探索、铺垫或只读观察；精确命令、退出码和整课目标已有基本约束","不逐字断言样例回显；必要时在后续验收步骤检查结论","规则初筛，未验证断言设计"
"helm","hl-upgrade-diff-before-apply","1","先看这次升级会改什么","helm diff upgrade myapp myorg/web -n my-app --set replicaCount=3","hl-upgrade","负提升","模拟器明确提示回显/副作用是教学替身；对这段文字加断言会把假状态判成真","保留模拟说明；真机结果用后置状态或人工证据验收","规则初筛，未验证断言设计"
"helm","hl-upgrade-diff-before-apply","2","确认镜像 tag 真的会变","helm diff upgrade myapp myorg/web -n my-app --set replicaCount=3 --set image.tag=1.3.0","hl-upgrade","负提升","模拟器明确提示回显/副作用是教学替身；对这段文字加断言会把假状态判成真","保留模拟说明；真机结果用后置状态或人工证据验收","规则初筛，未验证断言设计"
"helm","hl-upgrade-diff-before-apply","3","执行升级","helm upgrade myapp myorg/web -n my-app --set replicaCount=3 --set image.tag=1.3.0","hl-upgrade","不建议做","升级回显只说明命令接受，整课已有渲染结果和差异验收","真机再核对实际 release revision 与工作负载","逐步复核，模拟器实跑"
"helm","hl-upgrade-failed-rollback","3","翻出完整版本历史","helm history myapp","hl-history","不建议做","主要是探索、铺垫或只读观察；精确命令、退出码和整课目标已有基本约束","不逐字断言样例回显；必要时在后续验收步骤检查结论","规则初筛，未验证断言设计"
"helm","hl-upgrade-failed-rollback","4","回滚到那一版","helm rollback myapp 2","hl-rollback","不建议做","主要是探索、铺垫或只读观察；精确命令、退出码和整课目标已有基本约束","不逐字断言样例回显；必要时在后续验收步骤检查结论","规则初筛，未验证断言设计"
"helm","hl-orphan-resources-not-in-helm","1","先看命名空间里有什么","kubectl get all -n my-app","k8s-get","不建议做","主要是探索、铺垫或只读观察；精确命令、退出码和整课目标已有基本约束","不逐字断言样例回显；必要时在后续验收步骤检查结论","规则初筛，未验证断言设计"
"helm","hl-orphan-resources-not-in-helm","2","按 helm 的标签筛一遍","kubectl get all -n my-app -l app.kubernetes.io/managed-by=Helm","k8s-get-nodes-label","不建议做","主要是探索、铺垫或只读观察；精确命令、退出码和整课目标已有基本约束","不逐字断言样例回显；必要时在后续验收步骤检查结论","规则初筛，未验证断言设计"
"helm","hl-orphan-resources-not-in-helm","3","从 helm 侧看归属","helm list -n my-app","hl-list","不建议做","主要是探索、铺垫或只读观察；精确命令、退出码和整课目标已有基本约束","不逐字断言样例回显；必要时在后续验收步骤检查结论","规则初筛，未验证断言设计"
"helm","hl-orphan-resources-not-in-helm","5","只挑对象类型看","helm get manifest myapp -n my-app | grep -E ""^kind:|^  name:""","hl-get","不建议做","主要是探索、铺垫或只读观察；精确命令、退出码和整课目标已有基本约束","不逐字断言样例回显；必要时在后续验收步骤检查结论","规则初筛，未验证断言设计"
"helm","hl-release-inventory-audit","1","先清点全部 release","helm list -A","hl-list","不建议做","主要是探索、铺垫或只读观察；精确命令、退出码和整课目标已有基本约束","不逐字断言样例回显；必要时在后续验收步骤检查结论","规则初筛，未验证断言设计"
"helm","hl-release-inventory-audit","2","看它的版本记录","helm history myapp","hl-history","不建议做","主要是探索、铺垫或只读观察；精确命令、退出码和整课目标已有基本约束","不逐字断言样例回显；必要时在后续验收步骤检查结论","规则初筛，未验证断言设计"
"helm","hl-release-inventory-audit","3","查变更原因注解","kubectl get deploy web -n my-app -o jsonpath=""{.metadata.annotations}""","k8s-annotate","不建议做","主要是探索、铺垫或只读观察；精确命令、退出码和整课目标已有基本约束","不逐字断言样例回显；必要时在后续验收步骤检查结论","规则初筛，未验证断言设计"
"helm","hl-release-inventory-audit","4","看当前生效的配置","helm get values myapp -a","hl-get","不建议做","主要是探索、铺垫或只读观察；精确命令、退出码和整课目标已有基本约束","不逐字断言样例回显；必要时在后续验收步骤检查结论","规则初筛，未验证断言设计"
"helm","hl-release-inventory-audit","5","确认谁能动它","kubectl auth can-i delete pods -n my-app","k8s-auth-can-i","不建议做","静态 yes 是当前角色的示例权限，精确命令和退出码已覆盖","真实账号需按 namespace 和身份复核","逐步复核，模拟器实跑"
"helm","hl-upgrade-install-idempotent","2","一条命令兼顾两种情况","helm upgrade --install canary myorg/web -n my-app --create-namespace","hl-upgrade-install","不建议做","主要是探索、铺垫或只读观察；精确命令、退出码和整课目标已有基本约束","不逐字断言样例回显；必要时在后续验收步骤检查结论","规则初筛，未验证断言设计"
"helm","hl-upgrade-install-idempotent","4","再执行一次同一条命令","helm upgrade --install canary myorg/web -n my-app --create-namespace","hl-upgrade-install","不建议做","主要是探索、铺垫或只读观察；精确命令、退出码和整课目标已有基本约束","不逐字断言样例回显；必要时在后续验收步骤检查结论","规则初筛，未验证断言设计"
"helm","hl-lint-before-release","1","先让 lint 挑毛病","helm lint myorg/web","hl-lint","不建议做","主要是探索、铺垫或只读观察；精确命令、退出码和整课目标已有基本约束","不逐字断言样例回显；必要时在后续验收步骤检查结论","规则初筛，未验证断言设计"
"helm","hl-lint-before-release","3","看默认取值","helm show values myorg/web","hl-show","不建议做","主要是探索、铺垫或只读观察；精确命令、退出码和整课目标已有基本约束","不逐字断言样例回显；必要时在后续验收步骤检查结论","规则初筛，未验证断言设计"
"helm","hl-first-look","1","看配了哪些 Chart 仓库","helm repo list","hl-repo-list","不建议做","主要是探索、铺垫或只读观察；精确命令、退出码和整课目标已有基本约束","不逐字断言样例回显；必要时在后续验收步骤检查结论","规则初筛，未验证断言设计"
"helm","hl-first-look","2","在仓库里搜一个 Chart","helm search repo web","hl-repo-search","不建议做","主要是探索、铺垫或只读观察；精确命令、退出码和整课目标已有基本约束","不逐字断言样例回显；必要时在后续验收步骤检查结论","规则初筛，未验证断言设计"
"helm","hl-first-look","3","看已经装了哪些 release","helm list -A","hl-list","不建议做","主要是探索、铺垫或只读观察；精确命令、退出码和整课目标已有基本约束","不逐字断言样例回显；必要时在后续验收步骤检查结论","规则初筛，未验证断言设计"
"helm","hl-first-look","4","看这个 Chart 的元信息","helm show chart myorg/web","hl-show","不建议做","主要是探索、铺垫或只读观察；精确命令、退出码和整课目标已有基本约束","不逐字断言样例回显；必要时在后续验收步骤检查结论","规则初筛，未验证断言设计"
"helm","hl-first-look","5","看它的默认取值","helm show values myorg/web","hl-show","不建议做","主要是探索、铺垫或只读观察；精确命令、退出码和整课目标已有基本约束","不逐字断言样例回显；必要时在后续验收步骤检查结论","规则初筛，未验证断言设计"
"cloud-cli","hw-cli-profile","1","看当前配置","hcloud configure list","hw-hcloud-config-list","不建议做","主要是探索、铺垫或只读观察；精确命令、退出码和整课目标已有基本约束","不逐字断言样例回显；必要时在后续验收步骤检查结论","规则初筛，未验证断言设计"
"cloud-cli","hw-cli-profile","2","再拉一次清单","hcloud ECS ListServersDetails","hw-ecs-list","不建议做","主要是探索、铺垫或只读观察；精确命令、退出码和整课目标已有基本约束","不逐字断言样例回显；必要时在后续验收步骤检查结论","规则初筛，未验证断言设计"
"cloud-cli","hw-ecs-inventory","2","只取名字","hcloud ECS ListServersDetails | jq -r "".servers[].name""","hw-ecs-list","不建议做","主要是探索、铺垫或只读观察；精确命令、退出码和整课目标已有基本约束","不逐字断言样例回显；必要时在后续验收步骤检查结论","规则初筛，未验证断言设计"
"cloud-cli","hw-sg-3306","2","看安全组规则","hcloud VPC ListSecurityGroups","hw-vpc-sg-list","不建议做","主要是探索、铺垫或只读观察；精确命令、退出码和整课目标已有基本约束","不逐字断言样例回显；必要时在后续验收步骤检查结论","规则初筛，未验证断言设计"
"cloud-cli","hw-sg-3306","3","验证一下","hcloud VPC ListSecurityGroups | grep 3306","hw-vpc-sg-list","负提升","grep 得到的是教学提示，非云 API 返回的真实安全组规则","测试账号按方向、源地址和端口逐条核对","逐步复核，模拟器实跑"
"cloud-cli","hw-obs-publish","2","演练一次","obsutil sync ./dist obs://prod-static/web/ -dryRun","hw-obsutil-sync","不建议做","主要是探索、铺垫或只读观察；精确命令、退出码和整课目标已有基本约束","不逐字断言样例回显；必要时在后续验收步骤检查结论","规则初筛，未验证断言设计"
"cloud-cli","hw-obs-publish","3","正式同步","obsutil sync ./dist obs://prod-static/web/","hw-obsutil-sync","不建议做","主要是探索、铺垫或只读观察；精确命令、退出码和整课目标已有基本约束","不逐字断言样例回显；必要时在后续验收步骤检查结论","规则初筛，未验证断言设计"
"cicd","ci-git-commit-config","2","看清到底改了什么","cd /data/app && git diff","ci-git-diff","不建议做","主要是探索、铺垫或只读观察；精确命令、退出码和整课目标已有基本约束","不逐字断言样例回显；必要时在后续验收步骤检查结论","规则初筛，未验证断言设计"
"cicd","ci-git-commit-config","6","看与远端的关系","cd /data/app && git status","ci-git-status","不建议做","主要是探索、铺垫或只读观察；精确命令、退出码和整课目标已有基本约束","不逐字断言样例回显；必要时在后续验收步骤检查结论","规则初筛，未验证断言设计"
"cicd","ci-git-commit-config","7","推到远端","cd /data/app && git push","ci-git-push","不建议做","主要是探索、铺垫或只读观察；精确命令、退出码和整课目标已有基本约束","不逐字断言样例回显；必要时在后续验收步骤检查结论","规则初筛，未验证断言设计"
"cicd","ci-git-branch-fix","1","先看清在哪个分支","cd /data/app && git branch","ci-git-branch","不建议做","主要是探索、铺垫或只读观察；精确命令、退出码和整课目标已有基本约束","不逐字断言样例回显；必要时在后续验收步骤检查结论","规则初筛，未验证断言设计"
"cicd","ci-git-branch-fix","2","建分支并切过去","cd /data/app && git checkout -b hotfix/datasource","ci-git-switch","不建议做","主要是探索、铺垫或只读观察；精确命令、退出码和整课目标已有基本约束","不逐字断言样例回显；必要时在后续验收步骤检查结论","规则初筛，未验证断言设计"
"cicd","ci-git-branch-fix","4","改配置","echo ""server.servlet.session.timeout: 30m"" >> config.yaml","sh-echo","不建议做","主要是探索、铺垫或只读观察；精确命令、退出码和整课目标已有基本约束","不逐字断言样例回显；必要时在后续验收步骤检查结论","规则初筛，未验证断言设计"
"cicd","ci-git-branch-fix","7","推送分支并建立追踪","cd /data/app && git push -u origin hotfix/datasource","ci-git-push","不建议做","主要是探索、铺垫或只读观察；精确命令、退出码和整课目标已有基本约束","不逐字断言样例回显；必要时在后续验收步骤检查结论","规则初筛，未验证断言设计"
"cicd","ci-git-log-tag","1","看最近几次提交与 HEAD 位置","cd /data/app && git log --oneline -3","ci-git-log","不建议做","主要是探索、铺垫或只读观察；精确命令、退出码和整课目标已有基本约束","不逐字断言样例回显；必要时在后续验收步骤检查结论","规则初筛，未验证断言设计"
"cicd","ci-git-log-tag","3","看 HEAD 的完整信息","cd /data/app && git log -1","ci-git-log","不建议做","主要是探索、铺垫或只读观察；精确命令、退出码和整课目标已有基本约束","不逐字断言样例回显；必要时在后续验收步骤检查结论","规则初筛，未验证断言设计"
"cloud-cli","hw-elb-backend-down","1","先看负载均衡本身在不在线","hcloud ELB ListLoadBalancers/v3 --cli-region=cn-north-4 --cli-output=table","hw-elb-list","不建议做","主要是探索、铺垫或只读观察；精确命令、退出码和整课目标已有基本约束","不逐字断言样例回显；必要时在后续验收步骤检查结论","规则初筛，未验证断言设计"
"cloud-cli","hw-elb-backend-down","3","把离线的挑出来","hcloud ELB ShowLoadBalancerStatus/v3 --cli-region=cn-north-4 | grep -B2 OFFLINE","hw-elb-health-check","不建议做","主要是探索、铺垫或只读观察；精确命令、退出码和整课目标已有基本约束","不逐字断言样例回显；必要时在后续验收步骤检查结论","规则初筛，未验证断言设计"
"cloud-cli","hw-evs-unattached","1","先看全部云盘","hcloud EVS ListVolumes --cli-region=cn-north-4 --cli-output=table","hw-evs-list","不建议做","主要是探索、铺垫或只读观察；精确命令、退出码和整课目标已有基本约束","不逐字断言样例回显；必要时在后续验收步骤检查结论","规则初筛，未验证断言设计"
"cloud-cli","hw-evs-unattached","2","只挑出没挂载的","hcloud EVS ListVolumes --cli-region=cn-north-4 --cli-query=""volumes[?status=='available']""","hw-evs-list","不建议做","主要是探索、铺垫或只读观察；精确命令、退出码和整课目标已有基本约束","不逐字断言样例回显；必要时在后续验收步骤检查结论","规则初筛，未验证断言设计"
"cloud-cli","hw-evs-unattached","3","只要名字和容量","hcloud EVS ListVolumes --cli-region=cn-north-4 --cli-query=""volumes[?status=='available'].{name:name,size:size}""","hw-evs-list","不建议做","主要是探索、铺垫或只读观察；精确命令、退出码和整课目标已有基本约束","不逐字断言样例回显；必要时在后续验收步骤检查结论","规则初筛，未验证断言设计"
"cloud-cli","hw-eip-idle-billing","1","列出全部 EIP","hcloud EIP ListPublicips --cli-region=cn-north-4 --cli-output=table","hw-ecs-eip-bind","不建议做","主要是探索、铺垫或只读观察；精确命令、退出码和整课目标已有基本约束","不逐字断言样例回显；必要时在后续验收步骤检查结论","规则初筛，未验证断言设计"
"cloud-cli","hw-eip-idle-billing","2","筛出闲置的","hcloud EIP ListPublicips --cli-region=cn-north-4 --cli-query=""publicips[?status=='DOWN'].{ip:public_ip_address,bw:bandwidth_size}""","hw-ecs-eip-bind","不建议做","主要是探索、铺垫或只读观察；精确命令、退出码和整课目标已有基本约束","不逐字断言样例回显；必要时在后续验收步骤检查结论","规则初筛，未验证断言设计"
"cloud-cli","hw-rds-backup-audit","2","看备份策略","hcloud RDS ShowBackupPolicy --cli-region=cn-north-4","hw-rds-power-backup","不建议做","主要是探索、铺垫或只读观察；精确命令、退出码和整课目标已有基本约束","不逐字断言样例回显；必要时在后续验收步骤检查结论","规则初筛，未验证断言设计"
"cloud-cli","hw-iam-ak-audit","1","先看有哪些子用户","hcloud IAM ListUsers --cli-region=cn-north-4 --cli-output=table","hw-iam-user","不建议做","主要是探索、铺垫或只读观察；精确命令、退出码和整课目标已有基本约束","不逐字断言样例回显；必要时在后续验收步骤检查结论","规则初筛，未验证断言设计"
"cloud-cli","hw-ces-metric-first","1","先看这台机器上报了哪些指标","hcloud CES ListMetrics --cli-region=cn-north-4 --namespace=SYS.ECS","hw-ces-list-metrics","不建议做","主要是探索、铺垫或只读观察；精确命令、退出码和整课目标已有基本约束","不逐字断言样例回显；必要时在后续验收步骤检查结论","规则初筛，未验证断言设计"
"cloud-cli","hw-ces-metric-first","2","把指标名挑出来","hcloud CES ListMetrics --cli-region=cn-north-4 --namespace=SYS.ECS --cli-query=""metrics[].metric_name""","hw-ces-list-metrics","不建议做","主要是探索、铺垫或只读观察；精确命令、退出码和整课目标已有基本约束","不逐字断言样例回显；必要时在后续验收步骤检查结论","规则初筛，未验证断言设计"
"cloud-cli","hw-ces-metric-first","3","取回历史数据点","hcloud CES ShowMetricData --cli-region=cn-north-4 --namespace=SYS.ECS --metric_name=cpu_util --period=300","hw-ces-show-metric-data","不建议做","主要是探索、铺垫或只读观察；精确命令、退出码和整课目标已有基本约束","不逐字断言样例回显；必要时在后续验收步骤检查结论","规则初筛，未验证断言设计"
"cloud-cli","hw-obs-publish-dryrun","2","预演同步（关键一步）","obsutil sync ./dist obs://prod-static/web/ -dryRun","hw-cross-dryrun","不建议做","主要是探索、铺垫或只读观察；精确命令、退出码和整课目标已有基本约束","不逐字断言样例回显；必要时在后续验收步骤检查结论","规则初筛，未验证断言设计"
"cicd","ci-which-version-to-rollback","1","先看提交历史与装饰信息","cd /data/app && git log --oneline --decorate -4","ci-git-log","不建议做","主要是探索、铺垫或只读观察；精确命令、退出码和整课目标已有基本约束","不逐字断言样例回显；必要时在后续验收步骤检查结论","规则初筛，未验证断言设计"
"cicd","ci-diff-before-commit","1","先看工作区改了什么","cd /data/app && git status","ci-git-status","不建议做","主要是探索、铺垫或只读观察；精确命令、退出码和整课目标已有基本约束","不逐字断言样例回显；必要时在后续验收步骤检查结论","规则初筛，未验证断言设计"
"cicd","ci-diff-before-commit","2","看改动的统计摘要","cd /data/app && git diff --stat","ci-git-status","不建议做","主要是探索、铺垫或只读观察；精确命令、退出码和整课目标已有基本约束","不逐字断言样例回显；必要时在后续验收步骤检查结论","规则初筛，未验证断言设计"
"cicd","ci-hotfix-branch","3","开一个语义明确的修复分支","cd /data/app && git checkout -b hotfix/order-redis","ci-git-switch","不建议做","主要是探索、铺垫或只读观察；精确命令、退出码和整课目标已有基本约束","不逐字断言样例回显；必要时在后续验收步骤检查结论","规则初筛，未验证断言设计"
"monitor","mon-load-vs-cores","1","看负载","uptime","mo-uptime","不建议做","主要是探索、铺垫或只读观察；精确命令、退出码和整课目标已有基本约束","不逐字断言样例回显；必要时在后续验收步骤检查结论","规则初筛，未验证断言设计"
"monitor","mon-load-vs-cores","3","看清 CPU 在忙什么","top","mo-top","负提升","模拟器明确提示回显/副作用是教学替身；对这段文字加断言会把假状态判成真","保留模拟说明；真机结果用后置状态或人工证据验收","规则初筛，未验证断言设计"
"monitor","mon-io-bottleneck","1","先看内存够不够","free -h","mo-free","不建议做","主要是探索、铺垫或只读观察；精确命令、退出码和整课目标已有基本约束","不逐字断言样例回显；必要时在后续验收步骤检查结论","规则初筛，未验证断言设计"
"monitor","mon-io-bottleneck","2","看有没有进程卡在 IO","vmstat 1 3","mo-vmstat","不建议做","主要是探索、铺垫或只读观察；精确命令、退出码和整课目标已有基本约束","不逐字断言样例回显；必要时在后续验收步骤检查结论","规则初筛，未验证断言设计"
"monitor","mon-free-vs-available","1","看内存总览","free -h","mo-free","不建议做","主要是探索、铺垫或只读观察；精确命令、退出码和整课目标已有基本约束","不逐字断言样例回显；必要时在后续验收步骤检查结论","规则初筛，未验证断言设计"
"monitor","mon-free-vs-available","2","看真正该看的列","free -h","mo-free","不建议做","主要是探索、铺垫或只读观察；精确命令、退出码和整课目标已有基本约束","不逐字断言样例回显；必要时在后续验收步骤检查结论","规则初筛，未验证断言设计"
"monitor","mon-free-vs-available","3","找出吃内存的进程","top","mo-top","负提升","模拟器明确提示回显/副作用是教学替身；对这段文字加断言会把假状态判成真","保留模拟说明；真机结果用后置状态或人工证据验收","规则初筛，未验证断言设计"
"db-cache","db-mysql-slow-query","1","先把库清单看清楚","mysql -uroot -p -e ""SHOW DATABASES""","db-mysql-client","不建议做","主要是探索、铺垫或只读观察；精确命令、退出码和整课目标已有基本约束","不逐字断言样例回显；必要时在后续验收步骤检查结论","规则初筛，未验证断言设计"
"db-cache","db-mysql-slow-query","2","看当前连接都在干什么","mysql -uroot -p -e ""SHOW PROCESSLIST""","db-mysql-client","不建议做","主要是探索、铺垫或只读观察；精确命令、退出码和整课目标已有基本约束","不逐字断言样例回显；必要时在后续验收步骤检查结论","规则初筛，未验证断言设计"
"db-cache","db-mysql-slow-query","3","看完整 SQL","mysql -uroot -p orders -e ""SHOW FULL PROCESSLIST""","db-mysql-client","不建议做","主要是探索、铺垫或只读观察；精确命令、退出码和整课目标已有基本约束","不逐字断言样例回显；必要时在后续验收步骤检查结论","规则初筛，未验证断言设计"
"db-cache","db-mysql-replica-broken","4","对照主库位点","mysql -uroot -p -e ""SHOW MASTER STATUS""","db-mysql-client","不建议做","主要是探索、铺垫或只读观察；精确命令、退出码和整课目标已有基本约束","不逐字断言样例回显；必要时在后续验收步骤检查结论","规则初筛，未验证断言设计"
"db-cache","db-mysql-params","4","顺手记下版本与实例名","mysql -uroot -p -e ""SELECT VERSION(), @@hostname""","db-mysql-client","不建议做","主要是探索、铺垫或只读观察；精确命令、退出码和整课目标已有基本约束","不逐字断言样例回显；必要时在后续验收步骤检查结论","规则初筛，未验证断言设计"
"db-cache","db-redis-bigkeys","1","先看内存水位","redis-cli info memory","db-redis-cli","不建议做","主要是探索、铺垫或只读观察；精确命令、退出码和整课目标已有基本约束","不逐字断言样例回显；必要时在后续验收步骤检查结论","规则初筛，未验证断言设计"
"db-cache","db-redis-bigkeys","2","按类型扫出大 key","redis-cli --bigkeys","db-redis-cli","不建议做","主要是探索、铺垫或只读观察；精确命令、退出码和整课目标已有基本约束","不逐字断言样例回显；必要时在后续验收步骤检查结论","规则初筛，未验证断言设计"
"db-cache","db-redis-bigkeys","3","量出精确占用","redis-cli memory usage big:cache:report:2024Q1","db-redis-cli","不建议做","主要是探索、铺垫或只读观察；精确命令、退出码和整课目标已有基本约束","不逐字断言样例回显；必要时在后续验收步骤检查结论","规则初筛，未验证断言设计"
"db-cache","db-redis-bigkeys","4","看看 keyspace 有多少 key","redis-cli dbsize","db-redis-cli","不建议做","主要是探索、铺垫或只读观察；精确命令、退出码和整课目标已有基本约束","不逐字断言样例回显；必要时在后续验收步骤检查结论","规则初筛，未验证断言设计"
"db-cache","db-redis-keys-vs-scan","1","先看 KEYS 的代价","redis-cli keys session:*","db-redis-cli","负提升","模拟器明确提示回显/副作用是教学替身；对这段文字加断言会把假状态判成真","保留模拟说明；真机结果用后置状态或人工证据验收","规则初筛，未验证断言设计"
"db-cache","db-redis-keys-vs-scan","2","换成 --scan","redis-cli --scan --pattern session:*","db-redis-cli","负提升","模拟器明确提示回显/副作用是教学替身；对这段文字加断言会把假状态判成真","保留模拟说明；真机结果用后置状态或人工证据验收","规则初筛，未验证断言设计"
"db-cache","db-redis-keys-vs-scan","3","看 SCAN 的原生形式","redis-cli scan 0 match session:* count 100","db-redis-cli","不建议做","主要是探索、铺垫或只读观察；精确命令、退出码和整课目标已有基本约束","不逐字断言样例回显；必要时在后续验收步骤检查结论","规则初筛，未验证断言设计"
"middleware","mw-nginx-test-reload","1","先看是哪版 nginx","nginx -v","mw-nginx-version","不建议做","主要是探索、铺垫或只读观察；精确命令、退出码和整课目标已有基本约束","不逐字断言样例回显；必要时在后续验收步骤检查结论","规则初筛，未验证断言设计"
"middleware","mw-nginx-test-reload","3","看清真正生效的配置","nginx -T | head -25","mw-nginx-dump","不建议做","主要是探索、铺垫或只读观察；精确命令、退出码和整课目标已有基本约束","不逐字断言样例回显；必要时在后续验收步骤检查结论","规则初筛，未验证断言设计"
"middleware","mw-nginx-test-reload","4","平滑重载","nginx -s reload","mw-nginx-signal","负提升","模拟器明确提示回显/副作用是教学替身；对这段文字加断言会把假状态判成真","保留模拟说明；真机结果用后置状态或人工证据验收","规则初筛，未验证断言设计"
"middleware","mw-nginx-bad-conf","1","先建立基线","nginx -t","mw-nginx-test","不建议做","主要是探索、铺垫或只读观察；精确命令、退出码和整课目标已有基本约束","不逐字断言样例回显；必要时在后续验收步骤检查结论","规则初筛，未验证断言设计"
"middleware","mw-nginx-bad-conf","3","制造一个语法错误","sed -i 's/^}$//' /etc/nginx/nginx.conf","lt-sed-i","不建议做","主要是探索、铺垫或只读观察；精确命令、退出码和整课目标已有基本约束","不逐字断言样例回显；必要时在后续验收步骤检查结论","规则初筛，未验证断言设计"
"middleware","mw-nginx-bad-conf","6","再来一种：改了 upstream 名字","sed -i 's/app_backend {/app_backend_v2 {/' /etc/nginx/nginx.conf && nginx -t 2>&1 | tail -2","mw-nginx-test","不建议做","主要是探索、铺垫或只读观察；精确命令、退出码和整课目标已有基本约束","不逐字断言样例回显；必要时在后续验收步骤检查结论","规则初筛，未验证断言设计"
"monitor","mon-look-back-yesterday","1","看当前 CPU 基线","sar -u 1 5","mo-sar","不建议做","主要是探索、铺垫或只读观察；精确命令、退出码和整课目标已有基本约束","不逐字断言样例回显；必要时在后续验收步骤检查结论","规则初筛，未验证断言设计"
"monitor","mon-look-back-yesterday","2","看内存基线","sar -r 1 5","mo-sar","不建议做","主要是探索、铺垫或只读观察；精确命令、退出码和整课目标已有基本约束","不逐字断言样例回显；必要时在后续验收步骤检查结论","规则初筛，未验证断言设计"
"monitor","mon-look-back-yesterday","4","看网络这一层","sar -n DEV 1 5","mo-sar","不建议做","主要是探索、铺垫或只读观察；精确命令、退出码和整课目标已有基本约束","不逐字断言样例回显；必要时在后续验收步骤检查结论","规则初筛，未验证断言设计"
"monitor","mon-find-the-noisy-process","1","按 CPU 维度采一轮","pidstat -u 1 5","mo-pidstat","负提升","模拟器明确提示回显/副作用是教学替身；对这段文字加断言会把假状态判成真","保留模拟说明；真机结果用后置状态或人工证据验收","规则初筛，未验证断言设计"
"monitor","mon-find-the-noisy-process","2","按磁盘 IO 维度采一轮","pidstat -d 1 5","mo-pidstat","负提升","模拟器明确提示回显/副作用是教学替身；对这段文字加断言会把假状态判成真","保留模拟说明；真机结果用后置状态或人工证据验收","规则初筛，未验证断言设计"
"monitor","mon-find-the-noisy-process","3","看线程级细分","pidstat -t -p 18442 1 5","mo-pidstat","负提升","模拟器明确提示回显/副作用是教学替身；对这段文字加断言会把假状态判成真","保留模拟说明；真机结果用后置状态或人工证据验收","规则初筛，未验证断言设计"
"monitor","mon-find-the-noisy-process","4","只看某个进程的上下文切换","pidstat -w -C java 1 5","mo-pidstat","负提升","模拟器明确提示回显/副作用是教学替身；对这段文字加断言会把假状态判成真","保留模拟说明；真机结果用后置状态或人工证据验收","规则初筛，未验证断言设计"
"monitor","mon-strace-stuck-process","1","先看它停在哪个内核函数","cat /proc/18442/wchan","mo-strace","不建议做","主要是探索、铺垫或只读观察；精确命令、退出码和整课目标已有基本约束","不逐字断言样例回显；必要时在后续验收步骤检查结论","规则初筛，未验证断言设计"
"monitor","mon-strace-stuck-process","2","统计系统调用的时间分布","timeout 5 strace -c -p 18442","mo-strace","不建议做","主要是探索、铺垫或只读观察；精确命令、退出码和整课目标已有基本约束","不逐字断言样例回显；必要时在后续验收步骤检查结论","规则初筛，未验证断言设计"
"monitor","mon-strace-stuck-process","3","只盯网络相关的调用","timeout 10 strace -f -e trace=network -p 18442","mo-strace","不建议做","主要是探索、铺垫或只读观察；精确命令、退出码和整课目标已有基本约束","不逐字断言样例回显；必要时在后续验收步骤检查结论","规则初筛，未验证断言设计"
"monitor","mon-jvm-gc-pause","2","看更细的分代容量","jstat -gc 18442","mo-jvm-jstat","不建议做","主要是探索、铺垫或只读观察；精确命令、退出码和整课目标已有基本约束","不逐字断言样例回显；必要时在后续验收步骤检查结论","规则初筛，未验证断言设计"
"monitor","mon-process-vanished","1","看内核报的错误与警告","dmesg -T --level=err,warn | tail -50","mo-dmesg","负提升","模拟 dmesg 没有本课要找的 OOM 证据，断言会教错定位方向","保留人工判断并补充真实 OOM 样本后再判","逐步复核，模拟器实跑"
"monitor","mon-process-vanished","2","实时盯内核错误","dmesg -Tw --level=err","mo-dmesg","不建议做","主要是探索、铺垫或只读观察；精确命令、退出码和整课目标已有基本约束","不逐字断言样例回显；必要时在后续验收步骤检查结论","规则初筛，未验证断言设计"
"monitor","mon-logrotate-disk-full","1","干跑一遍轮转规则","logrotate -d /etc/logrotate.d/myapp","mo-log-logrotate","不建议做","主要是探索、铺垫或只读观察；精确命令、退出码和整课目标已有基本约束","不逐字断言样例回显；必要时在后续验收步骤检查结论","规则初筛，未验证断言设计"
"monitor","mon-logrotate-disk-full","2","强制轮转一次并看细节","logrotate -vf /etc/logrotate.d/myapp","mo-log-logrotate","负提升","模拟器明确提示回显/副作用是教学替身；对这段文字加断言会把假状态判成真","保留模拟说明；真机结果用后置状态或人工证据验收","规则初筛，未验证断言设计"
"monitor","mon-java-thread-stuck","2","把线程号换算成十六进制","printf ""%x "" 18473","mo-jvm-jstack","不建议做","主要是探索、铺垫或只读观察；精确命令、退出码和整课目标已有基本约束","不逐字断言样例回显；必要时在后续验收步骤检查结论","规则初筛，未验证断言设计"
"monitor","mon-java-heap-where","3","只看存活对象","jmap -histo:live 18442 | head -30","mo-jvm-jmap","不建议做","主要是探索、铺垫或只读观察；精确命令、退出码和整课目标已有基本约束","不逐字断言样例回显；必要时在后续验收步骤检查结论","规则初筛，未验证断言设计"
"monitor","mon-java-heap-where","4","用 jcmd 拿一份更轻的摘要","jcmd 18442 GC.heap_info","mo-jvm-jmap","不建议做","主要是探索、铺垫或只读观察；精确命令、退出码和整课目标已有基本约束","不逐字断言样例回显；必要时在后续验收步骤检查结论","规则初筛，未验证断言设计"
"monitor","mon-cpu-hotspot-flame","1","实时看热点函数","perf top -p 18442","mo-perf","负提升","模拟器明确提示回显/副作用是教学替身；对这段文字加断言会把假状态判成真","保留模拟说明；真机结果用后置状态或人工证据验收","规则初筛，未验证断言设计"
"monitor","mon-cpu-hotspot-flame","2","采样记录一段时间","perf record -F 99 -p 18442 -g -- sleep 30","mo-perf","负提升","模拟器明确提示回显/副作用是教学替身；对这段文字加断言会把假状态判成真","保留模拟说明；真机结果用后置状态或人工证据验收","规则初筛，未验证断言设计"
"monitor","mon-cpu-hotspot-flame","3","看采样报告","perf report --stdio | head -40","mo-perf","不建议做","主要是探索、铺垫或只读观察；精确命令、退出码和整课目标已有基本约束","不逐字断言样例回显；必要时在后续验收步骤检查结论","规则初筛，未验证断言设计"
"monitor","mon-promtool-validate","1","校验主配置","promtool check config /etc/prometheus/prometheus.yml","mo-promtool-check","负提升","模拟器明确提示回显/副作用是教学替身；对这段文字加断言会把假状态判成真","保留模拟说明；真机结果用后置状态或人工证据验收","规则初筛，未验证断言设计"
"monitor","mon-promtool-validate","2","单独校验规则文件","promtool check rules /etc/prometheus/rules/*.yml","mo-promtool-check","负提升","模拟器明确提示回显/副作用是教学替身；对这段文字加断言会把假状态判成真","保留模拟说明；真机结果用后置状态或人工证据验收","规则初筛，未验证断言设计"
"monitor","mon-alert-silence","1","看当前有哪些告警","amtool --alertmanager.url=http://127.0.0.1:9093 alert query","mo-amtool","不建议做","主要是探索、铺垫或只读观察；精确命令、退出码和整课目标已有基本约束","不逐字断言样例回显；必要时在后续验收步骤检查结论","规则初筛，未验证断言设计"
"monitor","mon-alert-silence","2","只看正在触发的","amtool --alertmanager.url=http://127.0.0.1:9093 alert query --active","mo-amtool","不建议做","主要是探索、铺垫或只读观察；精确命令、退出码和整课目标已有基本约束","不逐字断言样例回显；必要时在后续验收步骤检查结论","规则初筛，未验证断言设计"
"db-cache","db-conn-pool-exhausted","1","先看当前连接总数","mysqladmin extended-status | grep -E ""Threads_connected|Threads_running|Max_used_connections""","db-mysql-processlist","负提升","模拟器明确提示回显/副作用是教学替身；对这段文字加断言会把假状态判成真","保留模拟说明；真机结果用后置状态或人工证据验收","规则初筛，未验证断言设计"
"db-cache","db-conn-pool-exhausted","3","把连接逐条列出来","mysql -e ""SHOW FULL PROCESSLIST""","db-mysql-processlist","不建议做","主要是探索、铺垫或只读观察；精确命令、退出码和整课目标已有基本约束","不逐字断言样例回显；必要时在后续验收步骤检查结论","规则初筛，未验证断言设计"
"db-cache","db-conn-pool-exhausted","4","数一数有多少条在睡","mysql -e ""SHOW FULL PROCESSLIST"" | awk '$6 == ""Sleep"" {print}'","db-mysql-processlist","不建议做","主要是探索、铺垫或只读观察；精确命令、退出码和整课目标已有基本约束","不逐字断言样例回显；必要时在后续验收步骤检查结论","规则初筛，未验证断言设计"
"db-cache","db-conn-pool-exhausted","5","看服务端会不会主动回收空闲连接","mysql -e ""SHOW VARIABLES LIKE 'wait_timeout'""","db-mysql-connect-timeout","不建议做","主要是探索、铺垫或只读观察；精确命令、退出码和整课目标已有基本约束","不逐字断言样例回显；必要时在后续验收步骤检查结论","规则初筛，未验证断言设计"
"db-cache","db-metadata-lock-wait","1","看进程列表里谁在等","mysql -e ""SHOW FULL PROCESSLIST""","db-mysql-processlist","不建议做","主要是探索、铺垫或只读观察；精确命令、退出码和整课目标已有基本约束","不逐字断言样例回显；必要时在后续验收步骤检查结论","规则初筛，未验证断言设计"
"db-cache","db-metadata-lock-wait","2","确认是哪条语句引起的","mysql -e ""SHOW FULL PROCESSLIST"" | awk '$6 == ""Sleep"" {print}'","db-mysql-processlist","不建议做","筛选结果为空并不能证明没有阻塞会话","以事务和锁等待链的后续证据验收","逐步复核，模拟器实跑"
"db-cache","db-metadata-lock-wait","4","看有没有已经死锁","mysql -e ""SHOW ENGINE INNODB STATUS\G"" | grep -A 8 ""LATEST DETECTED DEADLOCK""","db-mysql-innodb-status","不建议做","主要是探索、铺垫或只读观察；精确命令、退出码和整课目标已有基本约束","不逐字断言样例回显；必要时在后续验收步骤检查结论","规则初筛，未验证断言设计"
"db-cache","db-slow-query-triage","1","按总耗时排序","mysqldumpslow -s t -t 5 /var/log/mysql/slow.log","db-mysql-slowlog","负提升","模拟器明确提示回显/副作用是教学替身；对这段文字加断言会把假状态判成真","保留模拟说明；真机结果用后置状态或人工证据验收","规则初筛，未验证断言设计"
"db-cache","db-slow-query-triage","2","换一个口径：按出现次数排","mysqldumpslow -s c -t 3 /var/log/mysql/slow.log","db-mysql-slowlog","负提升","模拟器明确提示回显/副作用是教学替身；对这段文字加断言会把假状态判成真","保留模拟说明；真机结果用后置状态或人工证据验收","规则初筛，未验证断言设计"
"db-cache","db-slow-query-triage","3","读 Rows 列看它扫了多少行","mysqldumpslow -s r -t 5 /var/log/mysql/slow.log","db-mysql-slowlog","负提升","模拟器明确提示回显/副作用是教学替身；对这段文字加断言会把假状态判成真","保留模拟说明；真机结果用后置状态或人工证据验收","规则初筛，未验证断言设计"
"db-cache","db-slow-query-triage","5","确认归一化的代价","mysqldumpslow -s t -t 5 /var/log/mysql/slow.log | head -6","db-mysql-slowlog","负提升","模拟器明确提示回显/副作用是教学替身；对这段文字加断言会把假状态判成真","保留模拟说明；真机结果用后置状态或人工证据验收","规则初筛，未验证断言设计"
"db-cache","db-redis-slow-and-bigkey","1","先看慢日志里是哪些命令","redis-cli SLOWLOG GET 10","db-redis-slowlog","负提升","模拟器明确提示回显/副作用是教学替身；对这段文字加断言会把假状态判成真","保留模拟说明；真机结果用后置状态或人工证据验收","规则初筛，未验证断言设计"
"db-cache","db-redis-slow-and-bigkey","2","看慢日志攒了多少条","redis-cli SLOWLOG LEN","db-redis-slowlog","不建议做","主要是探索、铺垫或只读观察；精确命令、退出码和整课目标已有基本约束","不逐字断言样例回显；必要时在后续验收步骤检查结论","规则初筛，未验证断言设计"
"db-cache","db-redis-slow-and-bigkey","3","看谁连着、闲了多久","redis-cli CLIENT LIST","db-redis-client-list","负提升","模拟器明确提示回显/副作用是教学替身；对这段文字加断言会把假状态判成真","保留模拟说明；真机结果用后置状态或人工证据验收","规则初筛，未验证断言设计"
"db-cache","db-redis-slow-and-bigkey","4","按来源 IP 聚合连接数","redis-cli CLIENT LIST | awk '{print $2}' | cut -d= -f2 | cut -d: -f1 | sort | uniq -c | sort -rn | head","db-redis-client-list","负提升","模拟器明确提示回显/副作用是教学替身；对这段文字加断言会把假状态判成真","保留模拟说明；真机结果用后置状态或人工证据验收","规则初筛，未验证断言设计"
"db-cache","db-redis-slow-and-bigkey","6","精确算一个大 key 占多少","redis-cli MEMORY USAGE big:cache:report:2024Q1","db-redis-memory-usage","不建议做","主要是探索、铺垫或只读观察；精确命令、退出码和整课目标已有基本约束","不逐字断言样例回显；必要时在后续验收步骤检查结论","规则初筛，未验证断言设计"
"db-cache","db-kafka-consumer-lag","1","看消费组的积压情况","kafka-consumer-groups.sh --bootstrap-server broker1:9092 --describe --group order-service","db-kafka-consumer-groups","负提升","模拟器明确提示回显/副作用是教学替身；对这段文字加断言会把假状态判成真","保留模拟说明；真机结果用后置状态或人工证据验收","规则初筛，未验证断言设计"
"db-cache","db-kafka-consumer-lag","2","只挑积压大的分区看","kafka-consumer-groups.sh --bootstrap-server broker1:9092 --describe --group order-service | awk 'NR>1 && $6+0 > 10000 {print $1, $2, $6}'","db-kafka-consumer-groups","负提升","模拟器明确提示回显/副作用是教学替身；对这段文字加断言会把假状态判成真","保留模拟说明；真机结果用后置状态或人工证据验收","规则初筛，未验证断言设计"
"middleware","mw-nginx-504-upstream-timeout","2","看是哪几个请求受影响","awk '$9 >= 500 {print $7, $9}' /var/log/nginx/access.log | sort | uniq -c | sort -rn","mw-nginx-502-504-499","不建议做","主要是探索、铺垫或只读观察；精确命令、退出码和整课目标已有基本约束","不逐字断言样例回显；必要时在后续验收步骤检查结论","规则初筛，未验证断言设计"
"middleware","mw-nginx-504-upstream-timeout","5","看后端应用自己的日志","grep -n 'ERROR' /var/log/app.log | tail -5","lb-tail","不建议做","主要是探索、铺垫或只读观察；精确命令、退出码和整课目标已有基本约束","不逐字断言样例回显；必要时在后续验收步骤检查结论","规则初筛，未验证断言设计"
"middleware","mw-nginx-config-review","2","看最终生效的完整配置","nginx -T | head -20","mw-nginx-dump","不建议做","主要是探索、铺垫或只读观察；精确命令、退出码和整课目标已有基本约束","不逐字断言样例回显；必要时在后续验收步骤检查结论","规则初筛，未验证断言设计"
"middleware","mw-nginx-config-review","5","用 reload 而不是 restart","nginx -s reload","mw-nginx-signal","负提升","模拟器明确提示回显/副作用是教学替身；对这段文字加断言会把假状态判成真","保留模拟说明；真机结果用后置状态或人工证据验收","规则初筛，未验证断言设计"
"middleware","mw-haproxy-validate-before-reload","1","先做配置校验","haproxy -c -f /etc/haproxy/haproxy.cfg","mw-haproxy-check","负提升","模拟器明确提示回显/副作用是教学替身；对这段文字加断言会把假状态判成真","保留模拟说明；真机结果用后置状态或人工证据验收","规则初筛，未验证断言设计"
"middleware","mw-haproxy-validate-before-reload","2","读清校验的边界","haproxy -c -f /etc/haproxy/haproxy.cfg 2>&1 | tail -4","mw-haproxy-check","负提升","模拟器明确提示回显/副作用是教学替身；对这段文字加断言会把假状态判成真","保留模拟说明；真机结果用后置状态或人工证据验收","规则初筛，未验证断言设计"
"middleware","mw-etcd-cluster-health","1","先确认节点是否可用","ETCDCTL_API=3 etcdctl endpoint health --cluster","mw-etcd-health","负提升","模拟器明确提示回显/副作用是教学替身；对这段文字加断言会把假状态判成真","保留模拟说明；真机结果用后置状态或人工证据验收","规则初筛，未验证断言设计"
"middleware","mw-etcd-cluster-health","2","看容量与谁是 leader","ETCDCTL_API=3 etcdctl endpoint status --cluster -w table","mw-etcd-status","负提升","模拟器明确提示回显/副作用是教学替身；对这段文字加断言会把假状态判成真","保留模拟说明；真机结果用后置状态或人工证据验收","规则初筛，未验证断言设计"
"middleware","mw-service-first-check","4","看它是什么版本","nginx -V","mw-nginx-version","不建议做","主要是探索、铺垫或只读观察；精确命令、退出码和整课目标已有基本约束","不逐字断言样例回显；必要时在后续验收步骤检查结论","规则初筛，未验证断言设计"
"middleware","mw-service-first-check","5","读它自己的错误日志","tail -5 /var/log/nginx/error.log","lb-tail","不建议做","主要是探索、铺垫或只读观察；精确命令、退出码和整课目标已有基本约束","不逐字断言样例回显；必要时在后续验收步骤检查结论","规则初筛，未验证断言设计"
"monitor","cap-new-server-audit","1","先看整体负载与内存","uptime && free -h","mo-top","不建议做","主要是探索、铺垫或只读观察；精确命令、退出码和整课目标已有基本约束","不逐字断言样例回显；必要时在后续验收步骤检查结论","规则初筛，未验证断言设计"
"monitor","cap-new-server-audit","2","再看磁盘余量","df -h","ls9-df","不建议做","主要是探索、铺垫或只读观察；精确命令、退出码和整课目标已有基本约束","不逐字断言样例回显；必要时在后续验收步骤检查结论","规则初筛，未验证断言设计"
"monitor","cap-new-server-audit","6","数一下 Web 层错误","grep -cE ' (500|502|503|504) ' /var/log/nginx/access.log","lt-nginx-status","不建议做","主要是探索、铺垫或只读观察；精确命令、退出码和整课目标已有基本约束","不逐字断言样例回显；必要时在后续验收步骤检查结论","规则初筛，未验证断言设计"
"monitor","cap-new-server-audit","7","最后看安全基线","grep -c 'Failed password' /var/log/secure || echo 0","sec-secure-log","不建议做","主要是探索、铺垫或只读观察；精确命令、退出码和整课目标已有基本约束","不逐字断言样例回显；必要时在后续验收步骤检查结论","规则初筛，未验证断言设计"
"monitor","cap-incident-chain","1","第一层：系统资源有没有饱和","uptime && free -h","mo-top","不建议做","主要是探索、铺垫或只读观察；精确命令、退出码和整课目标已有基本约束","不逐字断言样例回显；必要时在后续验收步骤检查结论","规则初筛，未验证断言设计"
"monitor","cap-incident-chain","2","第二层：错误发生在哪一层","cat /var/log/nginx/error.log","mw-nginx-log","不建议做","主要是探索、铺垫或只读观察；精确命令、退出码和整课目标已有基本约束","不逐字断言样例回显；必要时在后续验收步骤检查结论","规则初筛，未验证断言设计"
"monitor","cap-incident-chain","3","第三层：受影响的是哪个接口","awk '$9 >= 500 {print $7, $9}' /var/log/nginx/access.log | sort | uniq -c | sort -rn","lt-nginx-status","不建议做","主要是探索、铺垫或只读观察；精确命令、退出码和整课目标已有基本约束","不逐字断言样例回显；必要时在后续验收步骤检查结论","规则初筛，未验证断言设计"
"monitor","cap-incident-chain","4","第四层：应用自己怎么说","grep -n 'ERROR' /var/log/app.log | tail -3","lb-tail","不建议做","主要是探索、铺垫或只读观察；精确命令、退出码和整课目标已有基本约束","不逐字断言样例回显；必要时在后续验收步骤检查结论","规则初筛，未验证断言设计"
"monitor","cap-incident-chain","5","第五层：数据库的慢日志","mysqldumpslow -s t -t 3 /var/log/mysql/slow.log","db-mysql-slowlog","负提升","模拟器明确提示回显/副作用是教学替身；对这段文字加断言会把假状态判成真","保留模拟说明；真机结果用后置状态或人工证据验收","规则初筛，未验证断言设计"
"monitor","cap-incident-chain","6","顺手确认连接有没有被拖住","mysqladmin extended-status | grep -E 'Threads_connected|Threads_running'","db-mysql-processlist","负提升","模拟器明确提示回显/副作用是教学替身；对这段文字加断言会把假状态判成真","保留模拟说明；真机结果用后置状态或人工证据验收","规则初筛，未验证断言设计"
"security","cap-security-incident","2","检查密钥文件的权限","ls -l /root/.ssh/id_ed25519","sec-ssh-keygen","不建议做","主要是探索、铺垫或只读观察；精确命令、退出码和整课目标已有基本约束","不逐字断言样例回显；必要时在后续验收步骤检查结论","规则初筛，未验证断言设计"
"security","cap-security-incident","3","看名称解析有没有被改过","cat /etc/hosts","ln-hosts-file","不建议做","主要是探索、铺垫或只读观察；精确命令、退出码和整课目标已有基本约束","不逐字断言样例回显；必要时在后续验收步骤检查结论","规则初筛，未验证断言设计"
"security","cap-security-incident","4","看最近有谁登录过","last | head -6","lu-last","不建议做","主要是探索、铺垫或只读观察；精确命令、退出码和整课目标已有基本约束","不逐字断言样例回显；必要时在后续验收步骤检查结论","规则初筛，未验证断言设计"
"security","cap-security-incident","5","看失败登录的原文","grep 'Failed password' /var/log/secure | head -3","sec-secure-log","不建议做","主要是探索、铺垫或只读观察；精确命令、退出码和整课目标已有基本约束","不逐字断言样例回显；必要时在后续验收步骤检查结论","规则初筛，未验证断言设计"
"security","cap-security-incident","6","看谁能提权到 root","getent group wheel","lu-id","不建议做","主要是探索、铺垫或只读观察；精确命令、退出码和整课目标已有基本约束","不逐字断言样例回显；必要时在后续验收步骤检查结论","规则初筛，未验证断言设计"
"shell","sh-log-archive-loop","1","先摸清目录里都有什么","ls /data/backup","lb-ls","不建议做","主要是探索、铺垫或只读观察；精确命令、退出码和整课目标已有基本约束","不逐字断言样例回显；必要时在后续验收步骤检查结论","规则初筛，未验证断言设计"
"shell","sh-log-archive-loop","2","把范围收窄到压缩归档","ls /data/backup/*.tar.gz","sh-for","不建议做","主要是探索、铺垫或只读观察；精确命令、退出码和整课目标已有基本约束","不逐字断言样例回显；必要时在后续验收步骤检查结论","规则初筛，未验证断言设计"
"shell","sh-log-archive-loop","4","让循环逐个报一遍要清理的对象","for f in /data/backup/*.tar.gz; do echo ""${f##*/}""; done","sh-for","不建议做","主要是探索、铺垫或只读观察；精确命令、退出码和整课目标已有基本约束","不逐字断言样例回显；必要时在后续验收步骤检查结论","规则初筛，未验证断言设计"
"shell","sh-hosts-inventory-loop","1","先看清清单本身长什么样","cat /opt/scripts/hosts.txt","sh-var-export","不建议做","只是读取输入清单，后续循环结果才是验收点","保留命令及退出码校验","逐步复核，模拟器实跑"
"shell","sh-hosts-inventory-loop","2","把注释行滤掉","grep -v '^#' /opt/scripts/hosts.txt","lt-grep","不建议做","主要是探索、铺垫或只读观察；精确命令、退出码和整课目标已有基本约束","不逐字断言样例回显；必要时在后续验收步骤检查结论","规则初筛，未验证断言设计"
"shell","sh-hosts-inventory-loop","3","数清楚到底有多少台","grep -v '^#' /opt/scripts/hosts.txt | wc -l","lt-grep","不建议做","主要是探索、铺垫或只读观察；精确命令、退出码和整课目标已有基本约束","不逐字断言样例回显；必要时在后续验收步骤检查结论","规则初筛，未验证断言设计"
"shell","sh-hosts-inventory-loop","4","把干净的清单落成文件","grep -v '^#' /opt/scripts/hosts.txt > /tmp/hosts-clean.txt && cat /tmp/hosts-clean.txt","sh-redirect","不建议做","主要是探索、铺垫或只读观察；精确命令、退出码和整课目标已有基本约束","不逐字断言样例回显；必要时在后续验收步骤检查结论","规则初筛，未验证断言设计"
"shell","sh-hosts-inventory-loop","5","逐台走一遍，读的是刚洗好的清单文件","while IFS= read -r h; do echo ""检查 $h""; done < /tmp/hosts-clean.txt","sh-read","不建议做","主要是探索、铺垫或只读观察；精确命令、退出码和整课目标已有基本约束","不逐字断言样例回显；必要时在后续验收步骤检查结论","规则初筛，未验证断言设计"
"shell","sh-hosts-inventory-loop","7","顺手数一遍这一批有多少台","N=0; while IFS= read -r h; do N=$((N+1)); done < /tmp/hosts-clean.txt; echo ""共 $N 台""","sh-special-vars","不建议做","主要是探索、铺垫或只读观察；精确命令、退出码和整课目标已有基本约束","不逐字断言样例回显；必要时在后续验收步骤检查结论","规则初筛，未验证断言设计"
"shell","sh-timestamp-filename","2","把日期存进变量","STAMP=$(date +%F); echo ""$STAMP""","sh-pipe-cmdsub","不建议做","主要是探索、铺垫或只读观察；精确命令、退出码和整课目标已有基本约束","不逐字断言样例回显；必要时在后续验收步骤检查结论","规则初筛，未验证断言设计"
"shell","sh-timestamp-filename","3","把日期拼进文件名","STAMP=$(date +%F); echo ""/data/backup/db-$STAMP.sql""","sh-quotes","不建议做","主要是探索、铺垫或只读观察；精确命令、退出码和整课目标已有基本约束","不逐字断言样例回显；必要时在后续验收步骤检查结论","规则初筛，未验证断言设计"
"shell","sh-timestamp-filename","4","从完整路径里只取文件名","REPORT=/var/log/app/app-2024-03-18.log; echo ""${REPORT##*/}""","sh-string-ops","不建议做","主要是探索、铺垫或只读观察；精确命令、退出码和整课目标已有基本约束","不逐字断言样例回显；必要时在后续验收步骤检查结论","规则初筛，未验证断言设计"
"shell","sh-timestamp-filename","5","去掉后缀，留下干净的名字","REPORT=/var/log/app/app-2024-03-18.log; echo ""${REPORT%.log}""","sh-string-ops","不建议做","主要是探索、铺垫或只读观察；精确命令、退出码和整课目标已有基本约束","不逐字断言样例回显；必要时在后续验收步骤检查结论","规则初筛，未验证断言设计"
"shell","sh-param-fallback","1","先看清没人赋值的变量长什么样","echo ""$KEEP""","sh-special-vars","不建议做","主要是探索、铺垫或只读观察；精确命令、退出码和整课目标已有基本约束","不逐字断言样例回显；必要时在后续验收步骤检查结论","规则初筛，未验证断言设计"
"shell","sh-param-fallback","2","给它一个兜底值","echo ""${KEEP:-7}""","sh-param-default","不建议做","主要是探索、铺垫或只读观察；精确命令、退出码和整课目标已有基本约束","不逐字断言样例回显；必要时在后续验收步骤检查结论","规则初筛，未验证断言设计"
"shell","sh-param-fallback","3","把兜底值真正存回变量","KEEP=${KEEP:-7}; echo ""保留 $KEEP 天""","sh-param-default","不建议做","主要是探索、铺垫或只读观察；精确命令、退出码和整课目标已有基本约束","不逐字断言样例回显；必要时在后续验收步骤检查结论","规则初筛，未验证断言设计"
"shell","sh-param-fallback","4","同一个手法用在目录上","LOG_DIR=${LOG_DIR:-/var/log/nginx}; ls ""$LOG_DIR""/*.log","sh-param-default","不建议做","主要是探索、铺垫或只读观察；精确命令、退出码和整课目标已有基本约束","不逐字断言样例回显；必要时在后续验收步骤检查结论","规则初筛，未验证断言设计"
"shell","sh-param-fallback","5","换成""必须传""的写法：缺参数就当场失败","DB=${DB_NAME:?必须提供数据库名} || echo ""缺少必填参数，脚本就该在这里停下""","sh-param-default","不建议做","主要是探索、铺垫或只读观察；精确命令、退出码和整课目标已有基本约束","不逐字断言样例回显；必要时在后续验收步骤检查结论","规则初筛，未验证断言设计"
"shell","sh-stderr-log","2","把抱怨单独收进文件","ls -l /data/backup/nginx.tar.gz 2>/tmp/err.txt; echo ""退出码 $?""","sh-redirect","不建议做","主要是探索、铺垫或只读观察；精确命令、退出码和整课目标已有基本约束","不逐字断言样例回显；必要时在后续验收步骤检查结论","规则初筛，未验证断言设计"
"shell","sh-pipe-subshell-trap","1","先复现：管道里的循环数不到数","N=0; grep -v '^#' /opt/scripts/hosts.txt | while read -r h; do N=$((N+1)); done; echo ""管道里数到 $N 台""","sh-while-until","不建议做","主要是探索、铺垫或只读观察；精确命令、退出码和整课目标已有基本约束","不逐字断言样例回显；必要时在后续验收步骤检查结论","规则初筛，未验证断言设计"
"shell","sh-pipe-subshell-trap","3","先把清单洗干净，再数一遍","grep -v '^#' /opt/scripts/hosts.txt > /tmp/hc2.txt && N=0; while read -r h; do N=$((N+1)); done < /tmp/hc2.txt; echo ""干净的清单 $N 台""","sh-redirect","不建议做","主要是探索、铺垫或只读观察；精确命令、退出码和整课目标已有基本约束","不逐字断言样例回显；必要时在后续验收步骤检查结论","规则初筛，未验证断言设计"
"shell","sh-case-dispatch","3","用通配符按前缀归类","HOST=web-prod-01; case $HOST in web-*) echo ""Web 层"";; db-*) echo ""数据库层"";; *) echo ""其他"";; esac","sh-case","不建议做","主要是探索、铺垫或只读观察；精确命令、退出码和整课目标已有基本约束","不逐字断言样例回显；必要时在后续验收步骤检查结论","规则初筛，未验证断言设计"
"shell","sh-case-dispatch","4","一个分支接多个模式","CODE=404; case $CODE in 200|301) echo ""正常或跳转"";; 4*) echo ""客户端错误"";; 5*) echo ""服务端错误"";; esac","sh-case","不建议做","主要是探索、铺垫或只读观察；精确命令、退出码和整课目标已有基本约束","不逐字断言样例回显；必要时在后续验收步骤检查结论","规则初筛，未验证断言设计"
"shell","sh-first-script","1","先看变量怎么用","LOG=/var/log/app.log && echo ""$LOG""","sh-echo","不建议做","主要是探索、铺垫或只读观察；精确命令、退出码和整课目标已有基本约束","不逐字断言样例回显；必要时在后续验收步骤检查结论","规则初筛，未验证断言设计"
"shell","sh-first-script","2","把多件事串起来","echo ""开始检查 $(hostname)""","sh-echo","不建议做","主要是探索、铺垫或只读观察；精确命令、退出码和整课目标已有基本约束","不逐字断言样例回显；必要时在后续验收步骤检查结论","规则初筛，未验证断言设计"
"shell","sh-first-script","4","做一次参数检查","test -n ""$LOG"" && echo ""变量已设置""","sh-if","不建议做","主要是探索、铺垫或只读观察；精确命令、退出码和整课目标已有基本约束","不逐字断言样例回显；必要时在后续验收步骤检查结论","规则初筛，未验证断言设计"
"shell","sh-first-script","5","把结果落成文件","echo ""检查完成 $(date)"" > /tmp/check.log && cat /tmp/check.log","sh-echo","不建议做","主要是探索、铺垫或只读观察；精确命令、退出码和整课目标已有基本约束","不逐字断言样例回显；必要时在后续验收步骤检查结论","规则初筛，未验证断言设计"
"iac","iac-tf-plan-review","1","拿到配置目录先补齐依赖","cd /data/iac && terraform init","iac-tf-init","不建议做","主要是探索、铺垫或只读观察；精确命令、退出码和整课目标已有基本约束","不逐字断言样例回显；必要时在后续验收步骤检查结论","规则初筛，未验证断言设计"
"iac","iac-tf-plan-review","3","让执行计划把三类动作都摆出来","cd /data/iac && terraform plan","iac-tf-plan","负提升","模拟器明确提示回显/副作用是教学替身；对这段文字加断言会把假状态判成真","保留模拟说明；真机结果用后置状态或人工证据验收","规则初筛，未验证断言设计"
"iac","iac-tf-destroy-triage","1","先把差异算出来","cd /data/iac && terraform init && terraform plan","iac-tf-plan","负提升","模拟器明确提示回显/副作用是教学替身；对这段文字加断言会把假状态判成真","保留模拟说明；真机结果用后置状态或人工证据验收","规则初筛，未验证断言设计"
"iac","iac-tf-validate-before-commit","2","只报告、不修改的格式门禁","cd /data/iac && terraform fmt -check -recursive","iac-tf-fmt","负提升","模拟器明确提示回显/副作用是教学替身；对这段文字加断言会把假状态判成真","保留模拟说明；真机结果用后置状态或人工证据验收","规则初筛，未验证断言设计"
"iac","iac-tf-validate-before-commit","3","跑一遍配置本身的校验","cd /data/iac && terraform validate","iac-tf-validate","负提升","模拟器明确提示回显/副作用是教学替身；对这段文字加断言会把假状态判成真","保留模拟说明；真机结果用后置状态或人工证据验收","规则初筛，未验证断言设计"
"iac","iac-tf-validate-before-commit","5","把两道闸门串成 CI 起手式","cd /data/iac && terraform fmt -check -recursive && terraform validate","iac-tf-fmt","负提升","模拟器明确提示回显/副作用是教学替身；对这段文字加断言会把假状态判成真","保留模拟说明；真机结果用后置状态或人工证据验收","规则初筛，未验证断言设计"
"iac","iac-tf-import-handover","1","先补齐依赖","cd /data/iac && terraform init","iac-tf-init","不建议做","主要是探索、铺垫或只读观察；精确命令、退出码和整课目标已有基本约束","不逐字断言样例回显；必要时在后续验收步骤检查结论","规则初筛，未验证断言设计"
"iac","iac-tf-import-handover","3","把存量机器登记进状态","cd /data/iac && terraform import 'huaweicloud_compute_instance.app[2]' 5f9eab32-74d3-4d81-be50-ac9f4b3a7d26","iac-tf-import","负提升","模拟器明确提示回显/副作用是教学替身；对这段文字加断言会把假状态判成真","保留模拟说明；真机结果用后置状态或人工证据验收","规则初筛，未验证断言设计"
"iac","iac-tf-import-handover","6","只改地址、不动云上资源","cd /data/iac && terraform state mv 'huaweicloud_compute_instance.app[2]' 'huaweicloud_compute_instance.app[""app-03""]'","iac-tf-state-mv","负提升","模拟器明确提示回显/副作用是教学替身；对这段文字加断言会把假状态判成真","保留模拟说明；真机结果用后置状态或人工证据验收","规则初筛，未验证断言设计"
"iac","iac-ans-idempotent-check","1","第一步永远先验连通性","cd /data/iac && ansible all -i inventory.ini -m ping","iac-ans-adhoc","负提升","模拟器明确提示回显/副作用是教学替身；对这段文字加断言会把假状态判成真","保留模拟说明；真机结果用后置状态或人工证据验收","规则初筛，未验证断言设计"
"iac","iac-ans-idempotent-check","2","顺手看一眼这批机器的负载","cd /data/iac && ansible web -i inventory.ini -m command -a ""uptime"" -o","iac-ans-adhoc","不建议做","主要是探索、铺垫或只读观察；精确命令、退出码和整课目标已有基本约束","不逐字断言样例回显；必要时在后续验收步骤检查结论","规则初筛，未验证断言设计"
"iac","iac-ans-idempotent-check","5","干跑一遍，看清会改什么","cd /data/iac && ansible-playbook -i inventory.ini site.yml --check --diff -t common","iac-ans-playbook","负提升","模拟器明确提示回显/副作用是教学替身；对这段文字加断言会把假状态判成真","保留模拟说明；真机结果用后置状态或人工证据验收","规则初筛，未验证断言设计"
"iac","iac-ans-idempotent-check","6","弄清配置从哪儿来","cd /data/iac && ansible-config dump --only-changed","iac-ans-config","不建议做","主要是探索、铺垫或只读观察；精确命令、退出码和整课目标已有基本约束","不逐字断言样例回显；必要时在后续验收步骤检查结论","规则初筛，未验证断言设计"
"iac","iac-ans-vault-secrets","1","先看清风险面","cd /data/iac && cat group_vars/all/vault.yml","iac-ans-vault","不建议做","主要是探索、铺垫或只读观察；精确命令、退出码和整课目标已有基本约束","不逐字断言样例回显；必要时在后续验收步骤检查结论","规则初筛，未验证断言设计"
"iac","iac-ans-vault-secrets","2","把整个文件加密","cd /data/iac && ansible-vault encrypt --vault-password-file /root/.vault_pass group_vars/all/vault.yml","iac-ans-vault","负提升","模拟器明确提示回显/副作用是教学替身；对这段文字加断言会把假状态判成真","保留模拟说明；真机结果用后置状态或人工证据验收","规则初筛，未验证断言设计"
"iac","iac-ans-vault-secrets","4","给零散的值单独加密","cd /data/iac && ansible-vault encrypt_string --vault-password-file /root/.vault_pass 'Huawei@12345' --name 'vault_db_password'","iac-ans-vault","负提升","模拟器明确提示回显/副作用是教学替身；对这段文字加断言会把假状态判成真","保留模拟说明；真机结果用后置状态或人工证据验收","规则初筛，未验证断言设计"
"iac","iac-ans-vault-secrets","5","加密之后流水线还能跑","cd /data/iac && ansible-playbook -i inventory.ini site.yml --syntax-check --vault-password-file /root/.vault_pass","iac-ans-playbook","不建议做","主要是探索、铺垫或只读观察；精确命令、退出码和整课目标已有基本约束","不逐字断言样例回显；必要时在后续验收步骤检查结论","规则初筛，未验证断言设计"
"kvm","kvm-host-handover","1","先把盘子摸清","virsh list --all","vm-virsh-list","不建议做","主要是探索、铺垫或只读观察；精确命令、退出码和整课目标已有基本约束","不逐字断言样例回显；必要时在后续验收步骤检查结论","规则初筛，未验证断言设计"
"kvm","kvm-host-handover","2","给那台关着机的定性","virsh dominfo db-test-01","vm-virsh-dominfo","不建议做","主要是探索、铺垫或只读观察；精确命令、退出码和整课目标已有基本约束","不逐字断言样例回显；必要时在后续验收步骤检查结论","规则初筛，未验证断言设计"
"kvm","kvm-image-inventory","1","先看目录里有什么","ls -lh /data/vmstore/","vm-img-info","不建议做","主要是探索、铺垫或只读观察；精确命令、退出码和整课目标已有基本约束","不逐字断言样例回显；必要时在后续验收步骤检查结论","规则初筛，未验证断言设计"
"kvm","kvm-image-inventory","3","那张 320M 的小盘是什么","qemu-img info --backing-chain /data/vmstore/vm-03.qcow2","vm-img-info","不建议做","主要是探索、铺垫或只读观察；精确命令、退出码和整课目标已有基本约束","不逐字断言样例回显；必要时在后续验收步骤检查结论","规则初筛，未验证断言设计"
"kvm","kvm-image-inventory","4","这块盘挂在谁身上","virsh domblklist web-prod-01 --details","vm-virsh-dominfo","不建议做","主要是探索、铺垫或只读观察；精确命令、退出码和整课目标已有基本约束","不逐字断言样例回显；必要时在后续验收步骤检查结论","规则初筛，未验证断言设计"
"kvm","kvm-image-inventory","5","别忘了默认存储池","virsh vol-list default","vm-virsh-pool","不建议做","主要是探索、铺垫或只读观察；精确命令、退出码和整课目标已有基本约束","不逐字断言样例回显；必要时在后续验收步骤检查结论","规则初筛，未验证断言设计"
"kvm","kvm-vm-down","1","先分清是哪种连不上","virsh list --all","vm-virsh-list","不建议做","主要是探索、铺垫或只读观察；精确命令、退出码和整课目标已有基本约束","不逐字断言样例回显；必要时在后续验收步骤检查结论","规则初筛，未验证断言设计"
"kvm","kvm-vm-down","2","看它的配置与自启登记","virsh dominfo db-test-01","vm-virsh-dominfo","不建议做","主要是探索、铺垫或只读观察；精确命令、退出码和整课目标已有基本约束","不逐字断言样例回显；必要时在后续验收步骤检查结论","规则初筛，未验证断言设计"
"kvm","kvm-vm-down","3","把它拉起来","virsh start db-test-01","vm-virsh-start","负提升","模拟器明确提示回显/副作用是教学替身；对这段文字加断言会把假状态判成真","保留模拟说明；真机结果用后置状态或人工证据验收","规则初筛，未验证断言设计"
"kvm","kvm-vm-down","5","看它的网卡挂在哪","virsh domiflist db-test-01","vm-virsh-dominfo","不建议做","主要是探索、铺垫或只读观察；精确命令、退出码和整课目标已有基本约束","不逐字断言样例回显；必要时在后续验收步骤检查结论","规则初筛，未验证断言设计"
"kvm","kvm-net-autostart","2","看网络的状态与自启","virsh net-list --all","vm-virsh-network","负提升","模拟器明确提示回显/副作用是教学替身；对这段文字加断言会把假状态判成真","保留模拟说明；真机结果用后置状态或人工证据验收","规则初筛，未验证断言设计"
"kvm","kvm-net-autostart","4","先把网络拉起来止血","virsh net-start default","vm-virsh-network","不建议做","主要是探索、铺垫或只读观察；精确命令、退出码和整课目标已有基本约束","不逐字断言样例回显；必要时在后续验收步骤检查结论","规则初筛，未验证断言设计"
"kvm","kvm-net-autostart","5","登记成随宿主启动","virsh net-autostart default","vm-virsh-autostart","不建议做","主要是探索、铺垫或只读观察；精确命令、退出码和整课目标已有基本约束","不逐字断言样例回显；必要时在后续验收步骤检查结论","规则初筛，未验证断言设计"
"kvm","kvm-provision-web02","4","定义并启动它","virt-install --name web-prod-02 --memory 4096 --vcpus 2 --disk path=/data/vmstore/web-prod-02.qcow2,format=qcow2,bus=virtio --disk path=/data/vmstore/web-prod-02-seed.img,device=cdrom --import --osinfo rocky9 --network network=default,model=virtio --noautoconsole","vm-img-virt-install","负提升","模拟器明确提示回显/副作用是教学替身；对这段文字加断言会把假状态判成真","保留模拟说明；真机结果用后置状态或人工证据验收","规则初筛，未验证断言设计"
"kvm","kvm-provision-web02","6","回读它的磁盘","virsh domblklist web-prod-02 --details","vm-virsh-dominfo","不建议做","主要是探索、铺垫或只读观察；精确命令、退出码和整课目标已有基本约束","不逐字断言样例回显；必要时在后续验收步骤检查结论","规则初筛，未验证断言设计"
"kvm","kvm-offline-rescue","1","先看清它的磁盘结构","virt-filesystems -a /data/vmstore/broken-vm.qcow2 --all --long -h","vm-img-guestfish","不建议做","主要是探索、铺垫或只读观察；精确命令、退出码和整课目标已有基本约束","不逐字断言样例回显；必要时在后续验收步骤检查结论","规则初筛，未验证断言设计"
"kvm","kvm-offline-rescue","2","看每个文件系统用了多少","virt-df -a /data/vmstore/broken-vm.qcow2","vm-img-guestfish","负提升","模拟器明确提示回显/副作用是教学替身；对这段文字加断言会把假状态判成真","保留模拟说明；真机结果用后置状态或人工证据验收","规则初筛，未验证断言设计"
"kvm","kvm-offline-rescue","4","读一眼开机挂载表","virt-cat -a /data/vmstore/broken-vm.qcow2 /etc/fstab","vm-img-guestfish","不建议做","主要是探索、铺垫或只读观察；精确命令、退出码和整课目标已有基本约束","不逐字断言样例回显；必要时在后续验收步骤检查结论","规则初筛，未验证断言设计"
"kvm","kvm-offline-rescue","5","把日志整份取出来","virt-copy-out -a /data/vmstore/broken-vm.qcow2 /var/log/messages /tmp","vm-img-guestfish","负提升","模拟器明确提示回显/副作用是教学替身；对这段文字加断言会把假状态判成真","保留模拟说明；真机结果用后置状态或人工证据验收","规则初筛，未验证断言设计"
"kvm","kvm-offline-rescue","6","真要修时从哪里进","virt-rescue -a /data/vmstore/broken-vm.qcow2","vm-img-guestfish","负提升","模拟器明确提示回显/副作用是教学替身；对这段文字加断言会把假状态判成真","保留模拟说明；真机结果用后置状态或人工证据验收","规则初筛，未验证断言设计"
"kvm","kvm-host-inventory-l1","1","列出全部虚机","virsh list --all","vm-virsh-list","不建议做","主要是探索、铺垫或只读观察；精确命令、退出码和整课目标已有基本约束","不逐字断言样例回显；必要时在后续验收步骤检查结论","规则初筛，未验证断言设计"
"security","sec-chain-incomplete","2","换上报错的那个域名","openssl s_client -connect api.example.com:443 -servername api.example.com -brief </dev/null","sec-openssl-sclient","不建议做","主要是探索、铺垫或只读观察；精确命令、退出码和整课目标已有基本约束","不逐字断言样例回显；必要时在后续验收步骤检查结论","规则初筛，未验证断言设计"
"security","sec-chain-incomplete","3","把完整握手结果落盘","openssl s_client -connect api.example.com:443 -servername api.example.com -showcerts </dev/null > /tmp/chain-api.txt","sec-cert-chain","不建议做","主要是探索、铺垫或只读观察；精确命令、退出码和整课目标已有基本约束","不逐字断言样例回显；必要时在后续验收步骤检查结论","规则初筛，未验证断言设计"
"security","sec-chain-incomplete","4","数一数服务端发了几张证书","grep -c ""BEGIN CERTIFICATE"" /tmp/chain-api.txt","sec-cert-chain","不建议做","主要是探索、铺垫或只读观察；精确命令、退出码和整课目标已有基本约束","不逐字断言样例回显；必要时在后续验收步骤检查结论","规则初筛，未验证断言设计"
"security","sec-chain-incomplete","5","对正常域名做同一套动作","openssl s_client -connect web.example.com:443 -servername web.example.com -showcerts </dev/null > /tmp/chain-web.txt","sec-cert-chain","不建议做","主要是探索、铺垫或只读观察；精确命令、退出码和整课目标已有基本约束","不逐字断言样例回显；必要时在后续验收步骤检查结论","规则初筛，未验证断言设计"
"security","sec-chain-incomplete","6","比较两份文件的数字","grep -c ""BEGIN CERTIFICATE"" /tmp/chain-web.txt","sec-cert-chain","不建议做","主要是探索、铺垫或只读观察；精确命令、退出码和整课目标已有基本约束","不逐字断言样例回显；必要时在后续验收步骤检查结论","规则初筛，未验证断言设计"
"security","sec-fw-3306-blocked","3","把当前区域放行了什么一次看全","firewall-cmd --list-all","ln-firewall-cmd","不建议做","主要是探索、铺垫或只读观察；精确命令、退出码和整课目标已有基本约束","不逐字断言样例回显；必要时在后续验收步骤检查结论","规则初筛，未验证断言设计"
"security","sec-fw-3306-blocked","4","用能当脚本判据的写法问一次","firewall-cmd --query-port=3306/tcp || echo ""3306/tcp 未放行：拦包的是本机防火墙""","ln-troubleshoot-firewall","不建议做","主要是探索、铺垫或只读观察；精确命令、退出码和整课目标已有基本约束","不逐字断言样例回显；必要时在后续验收步骤检查结论","规则初筛，未验证断言设计"
"security","sec-selinux-www-403","2","从审计日志里读拒绝记录","ausearch -m avc -ts recent -i","sec-ausearch","不建议做","主要是探索、铺垫或只读观察；精确命令、退出码和整课目标已有基本约束","不逐字断言样例回显；必要时在后续验收步骤检查结论","规则初筛，未验证断言设计"
"security","sec-selinux-www-403","3","查策略库里有没有这个目录的规则","semanage fcontext -l","sec-semanage-fcontext","不建议做","主要是探索、铺垫或只读观察；精确命令、退出码和整课目标已有基本约束","不逐字断言样例回显；必要时在后续验收步骤检查结论","规则初筛，未验证断言设计"
"security","sec-selinux-www-403","4","改之前先空跑一遍","restorecon -Rnv /data/www","sec-restorecon","不建议做","主要是探索、铺垫或只读观察；精确命令、退出码和整课目标已有基本约束","不逐字断言样例回显；必要时在后续验收步骤检查结论","规则初筛，未验证断言设计"
"security","sec-selinux-www-403","5","把规则写进策略库","semanage fcontext -a -t httpd_sys_content_t /data/www || echo ""（规则已存在，跳过）""","sec-semanage-fcontext","不建议做","主要是探索、铺垫或只读观察；精确命令、退出码和整课目标已有基本约束","不逐字断言样例回显；必要时在后续验收步骤检查结论","规则初筛，未验证断言设计"
"security","sec-selinux-www-403","6","把规则套到文件上并看改动明细","restorecon -Rv /data/www","sec-restorecon","不建议做","主要是探索、铺垫或只读观察；精确命令、退出码和整课目标已有基本约束","不逐字断言样例回显；必要时在后续验收步骤检查结论","规则初筛，未验证断言设计"
"security","sec-ssh-brute-force","1","先数一数失败登录有多少条","grep -c ""Failed password"" /var/log/secure","sec-secure-log","不建议做","主要是探索、铺垫或只读观察；精确命令、退出码和整课目标已有基本约束","不逐字断言样例回显；必要时在后续验收步骤检查结论","规则初筛，未验证断言设计"
"security","sec-ssh-brute-force","2","把被猜的用户名统计出来","grep ""Failed password"" /var/log/secure | cut -d"" "" -f11 | sort | uniq -c","sec-secure-log","不建议做","主要是探索、铺垫或只读观察；精确命令、退出码和整课目标已有基本约束","不逐字断言样例回显；必要时在后续验收步骤检查结论","规则初筛，未验证断言设计"
"security","sec-ssh-brute-force","3","翻一翻轮转压缩过的历史日志","zgrep ""Failed password"" /var/log/secure-20240317.gz","sec-secure-log","不建议做","主要是探索、铺垫或只读观察；精确命令、退出码和整课目标已有基本约束","不逐字断言样例回显；必要时在后续验收步骤检查结论","规则初筛，未验证断言设计"
"security","sec-ssh-brute-force","4","看失败登录账本里最近记了谁","lastb | head -5","sec-lastb","不建议做","主要是探索、铺垫或只读观察；精确命令、退出码和整课目标已有基本约束","不逐字断言样例回显；必要时在后续验收步骤检查结论","规则初筛，未验证断言设计"
"security","sec-upload-scan-baseline","2","先在干净目录上认一认正常输出","clamscan -r /data/www","sec-clamav","不建议做","主要是探索、铺垫或只读观察；精确命令、退出码和整课目标已有基本约束","不逐字断言样例回显；必要时在后续验收步骤检查结论","规则初筛，未验证断言设计"
"security","sec-upload-scan-baseline","3","扫描外部文件进来的中转目录","clamscan -r -i /data/upload || echo ""命中感染文件：退出码 1 表示需要处置""","sec-clamav","不建议做","主要是探索、铺垫或只读观察；精确命令、退出码和整课目标已有基本约束","不逐字断言样例回显；必要时在后续验收步骤检查结论","规则初筛，未验证断言设计"
"security","sec-upload-scan-baseline","4","取一份主机加固基线","lynis --quick","sec-lynis","负提升","模拟器明确提示回显/副作用是教学替身；对这段文字加断言会把假状态判成真","保留模拟说明；真机结果用后置状态或人工证据验收","规则初筛，未验证断言设计"
"security","sec-release-sign-gpg","1","先算出这个包的摘要值","openssl dgst -sha256 /opt/pkg/app-1.2.3.tar.gz","sec-openssl-dgst","不建议做","主要是探索、铺垫或只读观察；精确命令、退出码和整课目标已有基本约束","不逐字断言样例回显；必要时在后续验收步骤检查结论","规则初筛，未验证断言设计"
"security","sec-release-sign-gpg","2","用私钥签一份独立签名","gpg --detach-sign --armor /opt/pkg/app-1.2.3.tar.gz","sec-gpg","负提升","模拟器明确提示回显/副作用是教学替身；对这段文字加断言会把假状态判成真","保留模拟说明；真机结果用后置状态或人工证据验收","规则初筛，未验证断言设计"
"security","sec-release-sign-gpg","4","把要外送的备份加密","gpg -c --cipher-algo AES256 /data/backup/db-20240318.sql","sec-gpg","负提升","模拟器明确提示回显/副作用是教学替身；对这段文字加断言会把假状态判成真","保留模拟说明；真机结果用后置状态或人工证据验收","规则初筛，未验证断言设计"
"security","sec-baseline-eye","2","看最敏感的文件谁能读","ls -l /etc/shadow","lb-ls","不建议做","主要是探索、铺垫或只读观察；精确命令、退出码和整课目标已有基本约束","不逐字断言样例回显；必要时在后续验收步骤检查结论","规则初筛，未验证断言设计"
"security","sec-baseline-eye","3","看谁能提权","getent group wheel","lu-id","不建议做","主要是探索、铺垫或只读观察；精确命令、退出码和整课目标已有基本约束","不逐字断言样例回显；必要时在后续验收步骤检查结论","规则初筛，未验证断言设计"
"security","sec-baseline-eye","4","数一下认证失败次数","grep -c 'Failed password' /var/log/secure || echo 0","sec-secure-log","不建议做","主要是探索、铺垫或只读观察；精确命令、退出码和整课目标已有基本约束","不逐字断言样例回显；必要时在后续验收步骤检查结论","规则初筛，未验证断言设计"
"perf","perf-baseline-http","1","先看进程能开多少句柄","ulimit -n","pf-ulimit-n","不建议做","主要是探索、铺垫或只读观察；精确命令、退出码和整课目标已有基本约束","不逐字断言样例回显；必要时在后续验收步骤检查结论","规则初筛，未验证断言设计"
"perf","perf-baseline-http","4","打一组小并发基线","ab -n 1000 -c 10 -k http://10.0.1.23/api/health","pf-ab","不建议做","主要是探索、铺垫或只读观察；精确命令、退出码和整课目标已有基本约束","不逐字断言样例回显；必要时在后续验收步骤检查结论","规则初筛，未验证断言设计"
"perf","perf-baseline-http","5","把并发抬十倍看拐点","ab -n 10000 -c 100 -k http://10.0.1.23/api/orders","pf-ab","不建议做","主要是探索、铺垫或只读观察；精确命令、退出码和整课目标已有基本约束","不逐字断言样例回显；必要时在后续验收步骤检查结论","规则初筛，未验证断言设计"
"perf","perf-baseline-http","6","补一条只跟算力有关的基准","sysbench cpu --threads=2 --cpu-max-prime=20000 run","pf-sysbench","不建议做","主要是探索、铺垫或只读观察；精确命令、退出码和整课目标已有基本约束","不逐字断言样例回显；必要时在后续验收步骤检查结论","规则初筛，未验证断言设计"
"perf","perf-result-longtail","1","小并发基线：先看干净的分位数","ab -n 1000 -c 10 -k http://10.0.1.23/api/health","pf-ab","不建议做","主要是探索、铺垫或只读观察；精确命令、退出码和整课目标已有基本约束","不逐字断言样例回显；必要时在后续验收步骤检查结论","规则初筛，未验证断言设计"
"perf","perf-result-longtail","2","把并发抬到 100 再看一遍","ab -n 10000 -c 100 -k http://10.0.1.23/api/orders","pf-ab","不建议做","主要是探索、铺垫或只读观察；精确命令、退出码和整课目标已有基本约束","不逐字断言样例回显；必要时在后续验收步骤检查结论","规则初筛，未验证断言设计"
"perf","perf-result-longtail","3","换成能给完整分布的工具","wrk -t4 -c400 -d30s --latency http://10.0.1.23/api/health","pf-wrk","不建议做","主要是探索、铺垫或只读观察；精确命令、退出码和整课目标已有基本约束","不逐字断言样例回显；必要时在后续验收步骤检查结论","规则初筛，未验证断言设计"
"perf","perf-result-longtail","4","再换一个工具看直方图","hey -n 5000 -c 50 http://10.0.1.23/api/health","pf-hey","不建议做","主要是探索、铺垫或只读观察；精确命令、退出码和整课目标已有基本约束","不逐字断言样例回显；必要时在后续验收步骤检查结论","规则初筛，未验证断言设计"
"perf","perf-io-bottleneck","1","先看有没有进程在等盘","vmstat 1 5","pf-swappiness","不建议做","主要是探索、铺垫或只读观察；精确命令、退出码和整课目标已有基本约束","不逐字断言样例回显；必要时在后续验收步骤检查结论","规则初筛，未验证断言设计"
"perf","perf-io-bottleneck","2","指认是哪块盘","iostat -x 1 3","pf-fio","不建议做","主要是探索、铺垫或只读观察；精确命令、退出码和整课目标已有基本约束","不逐字断言样例回显；必要时在后续验收步骤检查结论","规则初筛，未验证断言设计"
"perf","perf-io-bottleneck","4","量一次不做并发的往返延迟","ioping -c 5 /data","pf-fio","不建议做","主要是探索、铺垫或只读观察；精确命令、退出码和整课目标已有基本约束","不逐字断言样例回显；必要时在后续验收步骤检查结论","规则初筛，未验证断言设计"
"perf","perf-io-bottleneck","5","用标准负载量化这块盘的上限","fio --name=randread4k --filename=/data/fio-test --rw=randread --bs=4k --iodepth=32 --numjobs=4 --direct=1 --ioengine=libaio --runtime=60 --time_based --group_reporting","pf-fio","不建议做","主要是探索、铺垫或只读观察；精确命令、退出码和整课目标已有基本约束","不逐字断言样例回显；必要时在后续验收步骤检查结论","规则初筛，未验证断言设计"
"perf","perf-jvm-gc","1","先拿到进程号","ps -ef | grep java | grep -v grep","pf-jstack-cpu","不建议做","主要是探索、铺垫或只读观察；精确命令、退出码和整课目标已有基本约束","不逐字断言样例回显；必要时在后续验收步骤检查结论","规则初筛，未验证断言设计"
"perf","perf-jvm-gc","2","每秒采一次 GC 数据","jstat -gcutil 18442 1000 5","pf-jstat","不建议做","主要是探索、铺垫或只读观察；精确命令、退出码和整课目标已有基本约束","不逐字断言样例回显；必要时在后续验收步骤检查结论","规则初筛，未验证断言设计"
"perf","perf-jvm-gc","5","再看函数级热点在哪","perf top -p 18442","pf-perf","负提升","模拟器明确提示回显/副作用是教学替身；对这段文字加断言会把假状态判成真","保留模拟说明；真机结果用后置状态或人工证据验收","规则初筛，未验证断言设计"
"perf","perf-jvm-gc","6","真要动堆之前先看对象构成","jmap -histo:live 18442 | head -20","pf-gc-log","不建议做","主要是探索、铺垫或只读观察；精确命令、退出码和整课目标已有基本约束","不逐字断言样例回显；必要时在后续验收步骤检查结论","规则初筛，未验证断言设计"
"perf","perf-kernel-tuning","1","把关键参数的现状记下来","sysctl -a | grep -E ""somaxconn|swappiness|file-max""","pf-sysctl","不建议做","主要是探索、铺垫或只读观察；精确命令、退出码和整课目标已有基本约束","不逐字断言样例回显；必要时在后续验收步骤检查结论","规则初筛，未验证断言设计"
"perf","perf-kernel-tuning","2","先改一次运行时值","sysctl -w net.core.somaxconn=65535","pf-somaxconn","不建议做","主要是探索、铺垫或只读观察；精确命令、退出码和整课目标已有基本约束","不逐字断言样例回显；必要时在后续验收步骤检查结论","规则初筛，未验证断言设计"
"perf","perf-kernel-tuning","4","写进配置文件并立即加载","echo ""net.core.somaxconn = 65535"" > /etc/sysctl.d/99-tuning.conf && echo ""fs.file-max = 4194304"" >> /etc/sysctl.d/99-tuning.conf && sysctl --system","pf-sysctl","负提升","模拟器明确提示回显/副作用是教学替身；对这段文字加断言会把假状态判成真","保留模拟说明；真机结果用后置状态或人工证据验收","规则初筛，未验证断言设计"
"perf","perf-client-side","1","先看这条内网链路的基本质量","ping -c 2 10.0.1.24","pf-iperf3","不建议做","主要是探索、铺垫或只读观察；精确命令、退出码和整课目标已有基本约束","不逐字断言样例回显；必要时在后续验收步骤检查结论","规则初筛，未验证断言设计"
"perf","perf-client-side","2","量一次真实带宽","iperf3 -c 10.0.1.24 -t 30 -P 4","pf-iperf3","不建议做","主要是探索、铺垫或只读观察；精确命令、退出码和整课目标已有基本约束","不逐字断言样例回显；必要时在后续验收步骤检查结论","规则初筛，未验证断言设计"
"perf","perf-client-side","5","把待回收连接精确数一遍","ss -tan state time-wait | wc -l","pf-tcp-tw-reuse","不建议做","主要是探索、铺垫或只读观察；精确命令、退出码和整课目标已有基本约束","不逐字断言样例回显；必要时在后续验收步骤检查结论","规则初筛，未验证断言设计"
"perf","perf-client-side","6","看业务进程占着哪几个核","taskset -p 18442","pf-taskset","不建议做","主要是探索、铺垫或只读观察；精确命令、退出码和整课目标已有基本约束","不逐字断言样例回显；必要时在后续验收步骤检查结论","规则初筛，未验证断言设计"
"perf","perf-capacity-baseline","1","先看有几个核","nproc","mo-nproc","不建议做","主要是探索、铺垫或只读观察；精确命令、退出码和整课目标已有基本约束","不逐字断言样例回显；必要时在后续验收步骤检查结论","规则初筛，未验证断言设计"
"perf","perf-capacity-baseline","2","看当前负载","uptime","mo-top","不建议做","主要是探索、铺垫或只读观察；精确命令、退出码和整课目标已有基本约束","不逐字断言样例回显；必要时在后续验收步骤检查结论","规则初筛，未验证断言设计"
"perf","perf-capacity-baseline","3","看内存的真实余量","free -h","mo-free","不建议做","主要是探索、铺垫或只读观察；精确命令、退出码和整课目标已有基本约束","不逐字断言样例回显；必要时在后续验收步骤检查结论","规则初筛，未验证断言设计"
"perf","perf-capacity-baseline","4","看最耗 CPU 的进程","top -bn1 | head -5","mo-top","不建议做","主要是探索、铺垫或只读观察；精确命令、退出码和整课目标已有基本约束","不逐字断言样例回显；必要时在后续验收步骤检查结论","规则初筛，未验证断言设计"
"perf","perf-capacity-baseline","5","看谁在吃内存","ps aux --sort=-%mem | head -5","mo-ps","不建议做","主要是探索、铺垫或只读观察；精确命令、退出码和整课目标已有基本约束","不逐字断言样例回显；必要时在后续验收步骤检查结论","规则初筛，未验证断言设计"
"linux-basic","lt-numbered-config-review","1","先看默认编号","nl /etc/nginx/nginx.conf | head -5","lb-nl","不建议做","主要是探索、铺垫或只读观察；精确命令、退出码和整课目标已有基本约束","不逐字断言样例回显；必要时在后续验收步骤检查结论","规则初筛，未验证断言设计"
